vp;vn;fp;fn;acuracia;precisao;sensibilidade;f1score;algoritmo;variacao;atividade;semana
10;3;0;15;0,4642857142857143;1,0;0,4;0,5714285714285715;ocsvm;20-35;BedToToilet;1
10;12;0;6;0,7857142857142857;1,0;0,625;0,7692307692307693;ocsvm;20-35;BedToToilet;2
10;15;0;3;0,8928571428571429;1,0;0,7692307692307693;0,8695652173913044;ocsvm;20-35;BedToToilet;3
10;17;0;1;0,9642857142857143;1,0;0,9090909090909091;0,9523809523809523;ocsvm;20-35;BedToToilet;4
10;16;0;2;0,9285714285714286;1,0;0,8333333333333334;0,9090909090909091;ocsvm;20-35;BedToToilet;5
10;12;0;6;0,7857142857142857;1,0;0,625;0,7692307692307693;ocsvm;20-35;BedToToilet;6
10;16;0;2;0,9285714285714286;1,0;0,8333333333333334;0,9090909090909091;ocsvm;20-35;BedToToilet;7
10;14;0;4;0,8571428571428571;1,0;0,7142857142857143;0,8333333333333333;ocsvm;20-35;BedToToilet;8
9;18;1;0;0,9642857142857143;0,9;1,0;0,9473684210526316;lof;20-35;BedToToilet;1
7;18;3;0;0,8928571428571429;0,7;1,0;0,8235294117647058;lof;20-35;BedToToilet;2
7;18;3;0;0,8928571428571429;0,7;1,0;0,8235294117647058;lof;20-35;BedToToilet;3
9;16;1;2;0,8928571428571429;0,9;0,8181818181818182;0,8571428571428572;lof;20-35;BedToToilet;4
8;16;2;2;0,8571428571428571;0,8;0,8;0,8000000000000002;lof;20-35;BedToToilet;5
9;17;1;1;0,9285714285714286;0,9;0,9;0,9;lof;20-35;BedToToilet;6
9;11;1;7;0,7142857142857143;0,9;0,5625;0,6923076923076923;lof;20-35;BedToToilet;7
9;11;1;7;0,7142857142857143;0,9;0,5625;0,6923076923076923;lof;20-35;BedToToilet;8
1;17;9;1;0,6428571428571429;0,1;0,5;0,16666666666666669;iforest;20-35;BedToToilet;1
1;17;9;1;0,6428571428571429;0,1;0,5;0,16666666666666669;iforest;20-35;BedToToilet;2
5;15;5;3;0,7142857142857143;0,5;0,625;0,5555555555555556;iforest;20-35;BedToToilet;3
5;14;5;4;0,6785714285714286;0,5;0,5555555555555556;0,5263157894736842;iforest;20-35;BedToToilet;4
9;14;1;4;0,8214285714285714;0,9;0,6923076923076923;0,7826086956521738;iforest;20-35;BedToToilet;5
9;13;1;5;0,7857142857142857;0,9;0,6428571428571429;0,75;iforest;20-35;BedToToilet;6
10;13;0;5;0,8214285714285714;1,0;0,6666666666666666;0,8;iforest;20-35;BedToToilet;7
10;16;0;2;0,9285714285714286;1,0;0,8333333333333334;0,9090909090909091;iforest;20-35;BedToToilet;8
10;8;0;10;0,6428571428571429;1,0;0,5;0,6666666666666666;rce;20-35;BedToToilet;1
10;12;0;6;0,7857142857142857;1,0;0,625;0,7692307692307693;rce;20-35;BedToToilet;2
9;10;1;8;0,6785714285714286;0,9;0,5294117647058824;0,6666666666666667;rce;20-35;BedToToilet;3
10;17;0;1;0,9642857142857143;1,0;0,9090909090909091;0,9523809523809523;rce;20-35;BedToToilet;4
10;17;0;1;0,9642857142857143;1,0;0,9090909090909091;0,9523809523809523;rce;20-35;BedToToilet;5
10;10;0;8;0,7142857142857143;1,0;0,5555555555555556;0,7142857142857143;rce;20-35;BedToToilet;6
10;14;0;4;0,8571428571428571;1,0;0,7142857142857143;0,8333333333333333;rce;20-35;BedToToilet;7
10;16;0;2;0,9285714285714286;1,0;0,8333333333333334;0,9090909090909091;rce;20-35;BedToToilet;8
8;2;4;14;0,35714285714285715;0,6666666666666666;0,36363636363636365;0,4705882352941177;ocsvm;20-35;Eating;1
4;8;8;8;0,42857142857142855;0,3333333333333333;0,3333333333333333;0,3333333333333333;ocsvm;20-35;Eating;2
4;11;8;5;0,5357142857142857;0,3333333333333333;0,4444444444444444;0,380952380952381;ocsvm;20-35;Eating;3
4;11;8;5;0,5357142857142857;0,3333333333333333;0,4444444444444444;0,380952380952381;ocsvm;20-35;Eating;4
4;13;8;3;0,6071428571428571;0,3333333333333333;0,5714285714285714;0,4210526315789474;ocsvm;20-35;Eating;5
4;11;8;5;0,5357142857142857;0,3333333333333333;0,4444444444444444;0,380952380952381;ocsvm;20-35;Eating;6
4;12;8;4;0,5714285714285714;0,3333333333333333;0,5;0,4;ocsvm;20-35;Eating;7
4;13;8;3;0,6071428571428571;0,3333333333333333;0,5714285714285714;0,4210526315789474;ocsvm;20-35;Eating;8
0;16;12;0;0,5714285714285714;0,0;;;lof;20-35;Eating;1
0;16;12;0;0,5714285714285714;0,0;;;lof;20-35;Eating;2
0;16;12;0;0,5714285714285714;0,0;;;lof;20-35;Eating;3
1;15;11;1;0,5714285714285714;0,08333333333333333;0,5;0,14285714285714285;lof;20-35;Eating;4
2;15;10;1;0,6071428571428571;0,16666666666666666;0,6666666666666666;0,26666666666666666;lof;20-35;Eating;5
7;12;5;4;0,6785714285714286;0,5833333333333334;0,6363636363636364;0,6086956521739131;lof;20-35;Eating;6
5;13;7;3;0,6428571428571429;0,4166666666666667;0,625;0,5;lof;20-35;Eating;7
5;12;7;4;0,6071428571428571;0,4166666666666667;0,5555555555555556;0,4761904761904762;lof;20-35;Eating;8
0;13;12;3;0,4642857142857143;0,0;0,0;;iforest;20-35;Eating;1
1;14;11;2;0,5357142857142857;0,08333333333333333;0,3333333333333333;0,13333333333333333;iforest;20-35;Eating;2
1;14;11;2;0,5357142857142857;0,08333333333333333;0,3333333333333333;0,13333333333333333;iforest;20-35;Eating;3
0;14;12;2;0,5;0,0;0,0;;iforest;20-35;Eating;4
0;14;12;2;0,5;0,0;0,0;;iforest;20-35;Eating;5
1;14;11;2;0,5357142857142857;0,08333333333333333;0,3333333333333333;0,13333333333333333;iforest;20-35;Eating;6
1;14;11;2;0,5357142857142857;0,08333333333333333;0,3333333333333333;0,13333333333333333;iforest;20-35;Eating;7
1;14;11;2;0,5357142857142857;0,08333333333333333;0,3333333333333333;0,13333333333333333;iforest;20-35;Eating;8
4;10;8;6;0,5;0,3333333333333333;0,4;0,3636363636363636;rce;20-35;Eating;1
0;14;12;2;0,5;0,0;0,0;;rce;20-35;Eating;2
1;15;11;1;0,5714285714285714;0,08333333333333333;0,5;0,14285714285714285;rce;20-35;Eating;3
2;14;10;2;0,5714285714285714;0,16666666666666666;0,5;0,25;rce;20-35;Eating;4
2;15;10;1;0,6071428571428571;0,16666666666666666;0,6666666666666666;0,26666666666666666;rce;20-35;Eating;5
2;13;10;3;0,5357142857142857;0,16666666666666666;0,4;0,23529411764705882;rce;20-35;Eating;6
2;15;10;1;0,6071428571428571;0,16666666666666666;0,6666666666666666;0,26666666666666666;rce;20-35;Eating;7
1;15;11;1;0,5714285714285714;0,08333333333333333;0,5;0,14285714285714285;rce;20-35;Eating;8
9;3;2;14;0,42857142857142855;0,8181818181818182;0,391304347826087;0,5294117647058824;ocsvm;20-35;MealPreparation;1
7;7;4;10;0,5;0,6363636363636364;0,4117647058823529;0,5;ocsvm;20-35;MealPreparation;2
7;11;4;6;0,6428571428571429;0,6363636363636364;0,5384615384615384;0,5833333333333334;ocsvm;20-35;MealPreparation;3
6;8;5;9;0,5;0,5454545454545454;0,4;0,4615384615384615;ocsvm;20-35;MealPreparation;4
6;14;5;3;0,7142857142857143;0,5454545454545454;0,6666666666666666;0,6;ocsvm;20-35;MealPreparation;5
6;12;5;5;0,6428571428571429;0,5454545454545454;0,5454545454545454;0,5454545454545454;ocsvm;20-35;MealPreparation;6
6;14;5;3;0,7142857142857143;0,5454545454545454;0,6666666666666666;0,6;ocsvm;20-35;MealPreparation;7
6;14;5;3;0,7142857142857143;0,5454545454545454;0,6666666666666666;0,6;ocsvm;20-35;MealPreparation;8
4;16;7;1;0,7142857142857143;0,36363636363636365;0,8;0,5000000000000001;lof;20-35;MealPreparation;1
4;16;7;1;0,7142857142857143;0,36363636363636365;0,8;0,5000000000000001;lof;20-35;MealPreparation;2
4;15;7;2;0,6785714285714286;0,36363636363636365;0,6666666666666666;0,4705882352941177;lof;20-35;MealPreparation;3
4;15;7;2;0,6785714285714286;0,36363636363636365;0,6666666666666666;0,4705882352941177;lof;20-35;MealPreparation;4
2;17;9;0;0,6785714285714286;0,18181818181818182;1,0;0,3076923076923077;lof;20-35;MealPreparation;5
3;15;8;2;0,6428571428571429;0,2727272727272727;0,6;0,37499999999999994;lof;20-35;MealPreparation;6
3;15;8;2;0,6428571428571429;0,2727272727272727;0,6;0,37499999999999994;lof;20-35;MealPreparation;7
2;14;9;3;0,5714285714285714;0,18181818181818182;0,4;0,25000000000000006;lof;20-35;MealPreparation;8
4;9;7;8;0,4642857142857143;0,36363636363636365;0,3333333333333333;0,34782608695652173;iforest;20-35;MealPreparation;1
3;9;8;8;0,42857142857142855;0,2727272727272727;0,2727272727272727;0,2727272727272727;iforest;20-35;MealPreparation;2
5;8;6;9;0,4642857142857143;0,45454545454545453;0,35714285714285715;0,4;iforest;20-35;MealPreparation;3
5;9;6;8;0,5;0,45454545454545453;0,38461538461538464;0,41666666666666663;iforest;20-35;MealPreparation;4
4;13;7;4;0,6071428571428571;0,36363636363636365;0,5;0,4210526315789474;iforest;20-35;MealPreparation;5
1;14;10;3;0,5357142857142857;0,09090909090909091;0,25;0,13333333333333333;iforest;20-35;MealPreparation;6
1;16;10;1;0,6071428571428571;0,09090909090909091;0,5;0,15384615384615385;iforest;20-35;MealPreparation;7
1;16;10;1;0,6071428571428571;0,09090909090909091;0,5;0,15384615384615385;iforest;20-35;MealPreparation;8
10;4;1;13;0,5;0,9090909090909091;0,43478260869565216;0,5882352941176471;rce;20-35;MealPreparation;1
4;9;7;8;0,4642857142857143;0,36363636363636365;0,3333333333333333;0,34782608695652173;rce;20-35;MealPreparation;2
4;9;7;8;0,4642857142857143;0,36363636363636365;0,3333333333333333;0,34782608695652173;rce;20-35;MealPreparation;3
4;11;7;6;0,5357142857142857;0,36363636363636365;0,4;0,380952380952381;rce;20-35;MealPreparation;4
6;12;5;5;0,6428571428571429;0,5454545454545454;0,5454545454545454;0,5454545454545454;rce;20-35;MealPreparation;5
3;15;8;2;0,6428571428571429;0,2727272727272727;0,6;0,37499999999999994;rce;20-35;MealPreparation;6
6;16;5;1;0,7857142857142857;0,5454545454545454;0,8571428571428571;0,6666666666666665;rce;20-35;MealPreparation;7
3;15;8;2;0,6428571428571429;0,2727272727272727;0,6;0,37499999999999994;rce;20-35;MealPreparation;8
11;1;0;16;0,42857142857142855;1,0;0,4074074074074074;0,5789473684210525;ocsvm;20-35;Relax;1
11;8;0;9;0,6785714285714286;1,0;0,55;0,7096774193548387;ocsvm;20-35;Relax;2
8;10;3;7;0,6428571428571429;0,7272727272727273;0,5333333333333333;0,6153846153846153;ocsvm;20-35;Relax;3
8;12;3;5;0,7142857142857143;0,7272727272727273;0,6153846153846154;0,6666666666666667;ocsvm;20-35;Relax;4
7;12;4;5;0,6785714285714286;0,6363636363636364;0,5833333333333334;0,6086956521739131;ocsvm;20-35;Relax;5
7;13;4;4;0,7142857142857143;0,6363636363636364;0,6363636363636364;0,6363636363636364;ocsvm;20-35;Relax;6
7;13;4;4;0,7142857142857143;0,6363636363636364;0,6363636363636364;0,6363636363636364;ocsvm;20-35;Relax;7
7;13;4;4;0,7142857142857143;0,6363636363636364;0,6363636363636364;0,6363636363636364;ocsvm;20-35;Relax;8
6;16;5;1;0,7857142857142857;0,5454545454545454;0,8571428571428571;0,6666666666666665;lof;20-35;Relax;1
6;14;5;3;0,7142857142857143;0,5454545454545454;0,6666666666666666;0,6;lof;20-35;Relax;2
6;16;5;1;0,7857142857142857;0,5454545454545454;0,8571428571428571;0,6666666666666665;lof;20-35;Relax;3
6;16;5;1;0,7857142857142857;0,5454545454545454;0,8571428571428571;0,6666666666666665;lof;20-35;Relax;4
6;16;5;1;0,7857142857142857;0,5454545454545454;0,8571428571428571;0,6666666666666665;lof;20-35;Relax;5
7;16;4;1;0,8214285714285714;0,6363636363636364;0,875;0,7368421052631579;lof;20-35;Relax;6
7;14;4;3;0,75;0,6363636363636364;0,7;0,6666666666666666;lof;20-35;Relax;7
7;14;4;3;0,75;0,6363636363636364;0,7;0,6666666666666666;lof;20-35;Relax;8
1;16;10;1;0,6071428571428571;0,09090909090909091;0,5;0,15384615384615385;iforest;20-35;Relax;1
9;10;2;7;0,6785714285714286;0,8181818181818182;0,5625;0,6666666666666666;iforest;20-35;Relax;2
9;12;2;5;0,75;0,8181818181818182;0,6428571428571429;0,7200000000000001;iforest;20-35;Relax;3
9;11;2;6;0,7142857142857143;0,8181818181818182;0,6;0,6923076923076923;iforest;20-35;Relax;4
9;11;2;6;0,7142857142857143;0,8181818181818182;0,6;0,6923076923076923;iforest;20-35;Relax;5
8;11;3;6;0,6785714285714286;0,7272727272727273;0,5714285714285714;0,64;iforest;20-35;Relax;6
8;11;3;6;0,6785714285714286;0,7272727272727273;0,5714285714285714;0,64;iforest;20-35;Relax;7
9;10;2;7;0,6785714285714286;0,8181818181818182;0,5625;0,6666666666666666;iforest;20-35;Relax;8
11;1;0;16;0,42857142857142855;1,0;0,4074074074074074;0,5789473684210525;rce;20-35;Relax;1
10;10;1;7;0,7142857142857143;0,9090909090909091;0,5882352941176471;0,7142857142857143;rce;20-35;Relax;2
10;12;1;5;0,7857142857142857;0,9090909090909091;0,6666666666666666;0,7692307692307692;rce;20-35;Relax;3
9;12;2;5;0,75;0,8181818181818182;0,6428571428571429;0,7200000000000001;rce;20-35;Relax;4
9;12;2;5;0,75;0,8181818181818182;0,6428571428571429;0,7200000000000001;rce;20-35;Relax;5
10;12;1;5;0,7857142857142857;0,9090909090909091;0,6666666666666666;0,7692307692307692;rce;20-35;Relax;6
10;12;1;5;0,7857142857142857;0,9090909090909091;0,6666666666666666;0,7692307692307692;rce;20-35;Relax;7
9;12;2;5;0,75;0,8181818181818182;0,6428571428571429;0,7200000000000001;rce;20-35;Relax;8
9;8;3;8;0,6071428571428571;0,75;0,5294117647058824;0,6206896551724139;ocsvm;20-35;Sleeping;1
9;10;3;6;0,6785714285714286;0,75;0,6;0,6666666666666665;ocsvm;20-35;Sleeping;2
9;14;3;2;0,8214285714285714;0,75;0,8181818181818182;0,7826086956521738;ocsvm;20-35;Sleeping;3
9;14;3;2;0,8214285714285714;0,75;0,8181818181818182;0,7826086956521738;ocsvm;20-35;Sleeping;4
10;12;2;4;0,7857142857142857;0,8333333333333334;0,7142857142857143;0,7692307692307692;ocsvm;20-35;Sleeping;5
9;12;3;4;0,75;0,75;0,6923076923076923;0,7199999999999999;ocsvm;20-35;Sleeping;6
8;14;4;2;0,7857142857142857;0,6666666666666666;0,8;0,7272727272727272;ocsvm;20-35;Sleeping;7
8;14;4;2;0,7857142857142857;0,6666666666666666;0,8;0,7272727272727272;ocsvm;20-35;Sleeping;8
0;15;12;1;0,5357142857142857;0,0;0,0;;lof;20-35;Sleeping;1
2;15;10;1;0,6071428571428571;0,16666666666666666;0,6666666666666666;0,26666666666666666;lof;20-35;Sleeping;2
2;15;10;1;0,6071428571428571;0,16666666666666666;0,6666666666666666;0,26666666666666666;lof;20-35;Sleeping;3
2;15;10;1;0,6071428571428571;0,16666666666666666;0,6666666666666666;0,26666666666666666;lof;20-35;Sleeping;4
3;13;9;3;0,5714285714285714;0,25;0,5;0,3333333333333333;lof;20-35;Sleeping;5
3;13;9;3;0,5714285714285714;0,25;0,5;0,3333333333333333;lof;20-35;Sleeping;6
5;12;7;4;0,6071428571428571;0,4166666666666667;0,5555555555555556;0,4761904761904762;lof;20-35;Sleeping;7
6;14;6;2;0,7142857142857143;0,5;0,75;0,6;lof;20-35;Sleeping;8
3;12;9;4;0,5357142857142857;0,25;0,42857142857142855;0,3157894736842105;iforest;20-35;Sleeping;1
6;11;6;5;0,6071428571428571;0,5;0,5454545454545454;0,5217391304347826;iforest;20-35;Sleeping;2
0;15;12;1;0,5357142857142857;0,0;0,0;;iforest;20-35;Sleeping;3
6;15;6;1;0,75;0,5;0,8571428571428571;0,631578947368421;iforest;20-35;Sleeping;4
5;15;7;1;0,7142857142857143;0,4166666666666667;0,8333333333333334;0,5555555555555556;iforest;20-35;Sleeping;5
6;15;6;1;0,75;0,5;0,8571428571428571;0,631578947368421;iforest;20-35;Sleeping;6
8;14;4;2;0,7857142857142857;0,6666666666666666;0,8;0,7272727272727272;iforest;20-35;Sleeping;7
8;14;4;2;0,7857142857142857;0,6666666666666666;0,8;0,7272727272727272;iforest;20-35;Sleeping;8
6;14;6;2;0,7142857142857143;0,5;0,75;0,6;rce;20-35;Sleeping;1
6;14;6;2;0,7142857142857143;0,5;0,75;0,6;rce;20-35;Sleeping;2
5;15;7;1;0,7142857142857143;0,4166666666666667;0,8333333333333334;0,5555555555555556;rce;20-35;Sleeping;3
8;15;4;1;0,8214285714285714;0,6666666666666666;0,8888888888888888;0,761904761904762;rce;20-35;Sleeping;4
8;14;4;2;0,7857142857142857;0,6666666666666666;0,8;0,7272727272727272;rce;20-35;Sleeping;5
8;14;4;2;0,7857142857142857;0,6666666666666666;0,8;0,7272727272727272;rce;20-35;Sleeping;6
9;13;3;3;0,7857142857142857;0,75;0,75;0,75;rce;20-35;Sleeping;7
9;13;3;3;0,7857142857142857;0,75;0,75;0,75;rce;20-35;Sleeping;8
13;3;0;12;0,5714285714285714;1,0;0,52;0,6842105263157895;ocsvm;40-55;BedToToilet;1
13;10;0;5;0,8214285714285714;1,0;0,7222222222222222;0,8387096774193548;ocsvm;40-55;BedToToilet;2
13;12;0;3;0,8928571428571429;1,0;0,8125;0,896551724137931;ocsvm;40-55;BedToToilet;3
13;14;0;1;0,9642857142857143;1,0;0,9285714285714286;0,962962962962963;ocsvm;40-55;BedToToilet;4
13;14;0;1;0,9642857142857143;1,0;0,9285714285714286;0,962962962962963;ocsvm;40-55;BedToToilet;5
13;10;0;5;0,8214285714285714;1,0;0,7222222222222222;0,8387096774193548;ocsvm;40-55;BedToToilet;6
13;14;0;1;0,9642857142857143;1,0;0,9285714285714286;0,962962962962963;ocsvm;40-55;BedToToilet;7
13;13;0;2;0,9285714285714286;1,0;0,8666666666666667;0,9285714285714286;ocsvm;40-55;BedToToilet;8
12;15;1;0;0,9642857142857143;0,9230769230769231;1,0;0,9600000000000001;lof;40-55;BedToToilet;1
8;15;5;0;0,8214285714285714;0,6153846153846154;1,0;0,761904761904762;lof;40-55;BedToToilet;2
13;15;0;0;1,0;1,0;1,0;1,0;lof;40-55;BedToToilet;3
8;14;5;1;0,7857142857142857;0,6153846153846154;0,8888888888888888;0,7272727272727274;lof;40-55;BedToToilet;4
7;14;6;1;0,75;0,5384615384615384;0,875;0,6666666666666667;lof;40-55;BedToToilet;5
7;15;6;0;0,7857142857142857;0,5384615384615384;1,0;0,7000000000000001;lof;40-55;BedToToilet;6
5;9;8;6;0,5;0,38461538461538464;0,45454545454545453;0,41666666666666663;lof;40-55;BedToToilet;7
5;9;8;6;0,5;0,38461538461538464;0,45454545454545453;0,41666666666666663;lof;40-55;BedToToilet;8
1;14;12;1;0,5357142857142857;0,07692307692307693;0,5;0,13333333333333336;iforest;40-55;BedToToilet;1
0;14;13;1;0,5;0,0;0,0;;iforest;40-55;BedToToilet;2
5;13;8;2;0,6428571428571429;0,38461538461538464;0,7142857142857143;0,5;iforest;40-55;BedToToilet;3
5;12;8;3;0,6071428571428571;0,38461538461538464;0,625;0,4761904761904762;iforest;40-55;BedToToilet;4
9;12;4;3;0,75;0,6923076923076923;0,75;0,7199999999999999;iforest;40-55;BedToToilet;5
9;11;4;4;0,7142857142857143;0,6923076923076923;0,6923076923076923;0,6923076923076923;iforest;40-55;BedToToilet;6
13;11;0;4;0,8571428571428571;1,0;0,7647058823529411;0,8666666666666666;iforest;40-55;BedToToilet;7
13;14;0;1;0,9642857142857143;1,0;0,9285714285714286;0,962962962962963;iforest;40-55;BedToToilet;8
13;7;0;8;0,7142857142857143;1,0;0,6190476190476191;0,7647058823529412;rce;40-55;BedToToilet;1
10;11;3;4;0,75;0,7692307692307693;0,7142857142857143;0,7407407407407408;rce;40-55;BedToToilet;2
11;8;2;7;0,6785714285714286;0,8461538461538461;0,6111111111111112;0,7096774193548387;rce;40-55;BedToToilet;3
13;14;0;1;0,9642857142857143;1,0;0,9285714285714286;0,962962962962963;rce;40-55;BedToToilet;4
12;14;1;1;0,9285714285714286;0,9230769230769231;0,9230769230769231;0,9230769230769231;rce;40-55;BedToToilet;5
12;8;1;7;0,7142857142857143;0,9230769230769231;0,631578947368421;0,7499999999999999;rce;40-55;BedToToilet;6
9;12;4;3;0,75;0,6923076923076923;0,75;0,7199999999999999;rce;40-55;BedToToilet;7
9;14;4;1;0,8214285714285714;0,6923076923076923;0,9;0,7826086956521738;rce;40-55;BedToToilet;8
11;3;2;12;0,5;0,8461538461538461;0,4782608695652174;0,6111111111111112;ocsvm;40-55;Eating;1
10;7;3;8;0,6071428571428571;0,7692307692307693;0,5555555555555556;0,6451612903225806;ocsvm;40-55;Eating;2
10;10;3;5;0,7142857142857143;0,7692307692307693;0,6666666666666666;0,7142857142857142;ocsvm;40-55;Eating;3
10;10;3;5;0,7142857142857143;0,7692307692307693;0,6666666666666666;0,7142857142857142;ocsvm;40-55;Eating;4
10;11;3;4;0,75;0,7692307692307693;0,7142857142857143;0,7407407407407408;ocsvm;40-55;Eating;5
10;10;3;5;0,7142857142857143;0,7692307692307693;0,6666666666666666;0,7142857142857142;ocsvm;40-55;Eating;6
10;11;3;4;0,75;0,7692307692307693;0,7142857142857143;0,7407407407407408;ocsvm;40-55;Eating;7
10;11;3;4;0,75;0,7692307692307693;0,7142857142857143;0,7407407407407408;ocsvm;40-55;Eating;8
0;15;13;0;0,5357142857142857;0,0;;;lof;40-55;Eating;1
0;15;13;0;0,5357142857142857;0,0;;;lof;40-55;Eating;2
4;15;9;0;0,6785714285714286;0,3076923076923077;1,0;0,47058823529411764;lof;40-55;Eating;3
8;14;5;1;0,7857142857142857;0,6153846153846154;0,8888888888888888;0,7272727272727274;lof;40-55;Eating;4
9;14;4;1;0,8214285714285714;0,6923076923076923;0,9;0,7826086956521738;lof;40-55;Eating;5
11;12;2;3;0,8214285714285714;0,8461538461538461;0,7857142857142857;0,8148148148148148;lof;40-55;Eating;6
10;13;3;2;0,8214285714285714;0,7692307692307693;0,8333333333333334;0,8;lof;40-55;Eating;7
8;12;5;3;0,7142857142857143;0,6153846153846154;0,7272727272727273;0,6666666666666667;lof;40-55;Eating;8
1;11;12;4;0,42857142857142855;0,07692307692307693;0,2;0,1111111111111111;iforest;40-55;Eating;1
6;12;7;3;0,6428571428571429;0,46153846153846156;0,6666666666666666;0,5454545454545455;iforest;40-55;Eating;2
7;14;6;1;0,75;0,5384615384615384;0,875;0,6666666666666667;iforest;40-55;Eating;3
1;14;12;1;0,5357142857142857;0,07692307692307693;0,5;0,13333333333333336;iforest;40-55;Eating;4
2;13;11;2;0,5357142857142857;0,15384615384615385;0,5;0,23529411764705882;iforest;40-55;Eating;5
7;14;6;1;0,75;0,5384615384615384;0,875;0,6666666666666667;iforest;40-55;Eating;6
7;14;6;1;0,75;0,5384615384615384;0,875;0,6666666666666667;iforest;40-55;Eating;7
7;14;6;1;0,75;0,5384615384615384;0,875;0,6666666666666667;iforest;40-55;Eating;8
3;8;10;7;0,39285714285714285;0,23076923076923078;0,3;0,2608695652173913;rce;40-55;Eating;1
5;12;8;3;0,6071428571428571;0,38461538461538464;0,625;0,4761904761904762;rce;40-55;Eating;2
9;14;4;1;0,8214285714285714;0,6923076923076923;0,9;0,7826086956521738;rce;40-55;Eating;3
11;13;2;2;0,8571428571428571;0,8461538461538461;0,8461538461538461;0,8461538461538461;rce;40-55;Eating;4
11;14;2;1;0,8928571428571429;0,8461538461538461;0,9166666666666666;0,8799999999999999;rce;40-55;Eating;5
11;13;2;2;0,8571428571428571;0,8461538461538461;0,8461538461538461;0,8461538461538461;rce;40-55;Eating;6
11;14;2;1;0,8928571428571429;0,8461538461538461;0,9166666666666666;0,8799999999999999;rce;40-55;Eating;7
9;15;4;0;0,8571428571428571;0,6923076923076923;1,0;0,8181818181818181;rce;40-55;Eating;8
10;3;0;15;0,4642857142857143;1,0;0,4;0,5714285714285715;ocsvm;40-55;MealPreparation;1
10;8;0;10;0,6428571428571429;1,0;0,5;0,6666666666666666;ocsvm;40-55;MealPreparation;2
10;12;0;6;0,7857142857142857;1,0;0,625;0,7692307692307693;ocsvm;40-55;MealPreparation;3
10;8;0;10;0,6428571428571429;1,0;0,5;0,6666666666666666;ocsvm;40-55;MealPreparation;4
10;16;0;2;0,9285714285714286;1,0;0,8333333333333334;0,9090909090909091;ocsvm;40-55;MealPreparation;5
10;12;0;6;0,7857142857142857;1,0;0,625;0,7692307692307693;ocsvm;40-55;MealPreparation;6
10;16;0;2;0,9285714285714286;1,0;0,8333333333333334;0,9090909090909091;ocsvm;40-55;MealPreparation;7
10;16;0;2;0,9285714285714286;1,0;0,8333333333333334;0,9090909090909091;ocsvm;40-55;MealPreparation;8
3;17;7;1;0,7142857142857143;0,3;0,75;0,4285714285714285;lof;40-55;MealPreparation;1
3;17;7;1;0,7142857142857143;0,3;0,75;0,4285714285714285;lof;40-55;MealPreparation;2
5;17;5;1;0,7857142857142857;0,5;0,8333333333333334;0,625;lof;40-55;MealPreparation;3
9;17;1;1;0,9285714285714286;0,9;0,9;0,9;lof;40-55;MealPreparation;4
6;17;4;1;0,8214285714285714;0,6;0,8571428571428571;0,7058823529411764;lof;40-55;MealPreparation;5
6;15;4;3;0,75;0,6;0,6666666666666666;0,631578947368421;lof;40-55;MealPreparation;6
6;15;4;3;0,75;0,6;0,6666666666666666;0,631578947368421;lof;40-55;MealPreparation;7
6;14;4;4;0,7142857142857143;0,6;0,6;0,6;lof;40-55;MealPreparation;8
3;10;7;8;0,4642857142857143;0,3;0,2727272727272727;0,28571428571428564;iforest;40-55;MealPreparation;1
3;10;7;8;0,4642857142857143;0,3;0,2727272727272727;0,28571428571428564;iforest;40-55;MealPreparation;2
4;9;6;9;0,4642857142857143;0,4;0,3076923076923077;0,34782608695652173;iforest;40-55;MealPreparation;3
4;9;6;9;0,4642857142857143;0,4;0,3076923076923077;0,34782608695652173;iforest;40-55;MealPreparation;4
6;13;4;5;0,6785714285714286;0,6;0,5454545454545454;0,5714285714285713;iforest;40-55;MealPreparation;5
7;15;3;3;0,7857142857142857;0,7;0,7;0,7;iforest;40-55;MealPreparation;6
7;17;3;1;0,8571428571428571;0,7;0,875;0,7777777777777777;iforest;40-55;MealPreparation;7
7;17;3;1;0,8571428571428571;0,7;0,875;0,7777777777777777;iforest;40-55;MealPreparation;8
10;4;0;14;0,5;1,0;0,4166666666666667;0,5882352941176471;rce;40-55;MealPreparation;1
5;10;5;8;0,5357142857142857;0,5;0,38461538461538464;0,4347826086956522;rce;40-55;MealPreparation;2
7;10;3;8;0,6071428571428571;0,7;0,4666666666666667;0,56;rce;40-55;MealPreparation;3
8;11;2;7;0,6785714285714286;0,8;0,5333333333333333;0,64;rce;40-55;MealPreparation;4
9;12;1;6;0,75;0,9;0,6;0,7200000000000001;rce;40-55;MealPreparation;5
9;16;1;2;0,8928571428571429;0,9;0,8181818181818182;0,8571428571428572;rce;40-55;MealPreparation;6
9;17;1;1;0,9285714285714286;0,9;0,9;0,9;rce;40-55;MealPreparation;7
8;17;2;1;0,8928571428571429;0,8;0,8888888888888888;0,8421052631578948;rce;40-55;MealPreparation;8
10;2;0;16;0,42857142857142855;1,0;0,38461538461538464;0,5555555555555556;ocsvm;40-55;Relax;1
10;7;0;11;0,6071428571428571;1,0;0,47619047619047616;0,6451612903225806;ocsvm;40-55;Relax;2
10;10;0;8;0,7142857142857143;1,0;0,5555555555555556;0,7142857142857143;ocsvm;40-55;Relax;3
10;11;0;7;0,75;1,0;0,5882352941176471;0,7407407407407407;ocsvm;40-55;Relax;4
9;11;1;7;0,7142857142857143;0,9;0,5625;0,6923076923076923;ocsvm;40-55;Relax;5
9;12;1;6;0,75;0,9;0,6;0,7200000000000001;ocsvm;40-55;Relax;6
9;12;1;6;0,75;0,9;0,6;0,7200000000000001;ocsvm;40-55;Relax;7
9;12;1;6;0,75;0,9;0,6;0,7200000000000001;ocsvm;40-55;Relax;8
4;16;6;2;0,7142857142857143;0,4;0,6666666666666666;0,5;lof;40-55;Relax;1
7;14;3;4;0,75;0,7;0,6363636363636364;0,6666666666666666;lof;40-55;Relax;2
7;16;3;2;0,8214285714285714;0,7;0,7777777777777778;0,7368421052631577;lof;40-55;Relax;3
7;16;3;2;0,8214285714285714;0,7;0,7777777777777778;0,7368421052631577;lof;40-55;Relax;4
7;16;3;2;0,8214285714285714;0,7;0,7777777777777778;0,7368421052631577;lof;40-55;Relax;5
7;16;3;2;0,8214285714285714;0,7;0,7777777777777778;0,7368421052631577;lof;40-55;Relax;6
8;13;2;5;0,75;0,8;0,6153846153846154;0,6956521739130435;lof;40-55;Relax;7
8;13;2;5;0,75;0,8;0,6153846153846154;0,6956521739130435;lof;40-55;Relax;8
0;15;10;3;0,5357142857142857;0,0;0,0;;iforest;40-55;Relax;1
9;10;1;8;0,6785714285714286;0,9;0,5294117647058824;0,6666666666666667;iforest;40-55;Relax;2
8;11;2;7;0,6785714285714286;0,8;0,5333333333333333;0,64;iforest;40-55;Relax;3
9;10;1;8;0,6785714285714286;0,9;0,5294117647058824;0,6666666666666667;iforest;40-55;Relax;4
9;10;1;8;0,6785714285714286;0,9;0,5294117647058824;0,6666666666666667;iforest;40-55;Relax;5
8;10;2;8;0,6428571428571429;0,8;0,5;0,6153846153846154;iforest;40-55;Relax;6
8;10;2;8;0,6428571428571429;0,8;0,5;0,6153846153846154;iforest;40-55;Relax;7
9;9;1;9;0,6428571428571429;0,9;0,5;0,6428571428571429;iforest;40-55;Relax;8
10;1;0;17;0,39285714285714285;1,0;0,37037037037037035;0,5405405405405406;rce;40-55;Relax;1
10;9;0;9;0,6785714285714286;1,0;0,5263157894736842;0,6896551724137931;rce;40-55;Relax;2
8;11;2;7;0,6785714285714286;0,8;0,5333333333333333;0,64;rce;40-55;Relax;3
9;11;1;7;0,7142857142857143;0,9;0,5625;0,6923076923076923;rce;40-55;Relax;4
9;11;1;7;0,7142857142857143;0,9;0,5625;0,6923076923076923;rce;40-55;Relax;5
9;11;1;7;0,7142857142857143;0,9;0,5625;0,6923076923076923;rce;40-55;Relax;6
9;11;1;7;0,7142857142857143;0,9;0,5625;0,6923076923076923;rce;40-55;Relax;7
9;11;1;7;0,7142857142857143;0,9;0,5625;0,6923076923076923;rce;40-55;Relax;8
11;7;1;9;0,6428571428571429;0,9166666666666666;0,55;0,6874999999999999;ocsvm;40-55;Sleeping;1
10;9;2;7;0,6785714285714286;0,8333333333333334;0,5882352941176471;0,6896551724137931;ocsvm;40-55;Sleeping;2
10;12;2;4;0,7857142857142857;0,8333333333333334;0,7142857142857143;0,7692307692307692;ocsvm;40-55;Sleeping;3
10;12;2;4;0,7857142857142857;0,8333333333333334;0,7142857142857143;0,7692307692307692;ocsvm;40-55;Sleeping;4
10;11;2;5;0,75;0,8333333333333334;0,6666666666666666;0,7407407407407408;ocsvm;40-55;Sleeping;5
10;12;2;4;0,7857142857142857;0,8333333333333334;0,7142857142857143;0,7692307692307692;ocsvm;40-55;Sleeping;6
10;13;2;3;0,8214285714285714;0,8333333333333334;0,7692307692307693;0,8;ocsvm;40-55;Sleeping;7
10;13;2;3;0,8214285714285714;0,8333333333333334;0,7692307692307693;0,8;ocsvm;40-55;Sleeping;8
2;15;10;1;0,6071428571428571;0,16666666666666666;0,6666666666666666;0,26666666666666666;lof;40-55;Sleeping;1
4;15;8;1;0,6785714285714286;0,3333333333333333;0,8;0,47058823529411764;lof;40-55;Sleeping;2
4;15;8;1;0,6785714285714286;0,3333333333333333;0,8;0,47058823529411764;lof;40-55;Sleeping;3
6;15;6;1;0,75;0,5;0,8571428571428571;0,631578947368421;lof;40-55;Sleeping;4
6;12;6;4;0,6428571428571429;0,5;0,6;0,5454545454545454;lof;40-55;Sleeping;5
7;13;5;3;0,7142857142857143;0,5833333333333334;0,7;0,6363636363636365;lof;40-55;Sleeping;6
8;12;4;4;0,7142857142857143;0,6666666666666666;0,6666666666666666;0,6666666666666666;lof;40-55;Sleeping;7
8;13;4;3;0,75;0,6666666666666666;0,7272727272727273;0,6956521739130435;lof;40-55;Sleeping;8
7;12;5;4;0,6785714285714286;0,5833333333333334;0,6363636363636364;0,6086956521739131;iforest;40-55;Sleeping;1
7;11;5;5;0,6428571428571429;0,5833333333333334;0,5833333333333334;0,5833333333333334;iforest;40-55;Sleeping;2
6;15;6;1;0,75;0,5;0,8571428571428571;0,631578947368421;iforest;40-55;Sleeping;3
8;15;4;1;0,8214285714285714;0,6666666666666666;0,8888888888888888;0,761904761904762;iforest;40-55;Sleeping;4
8;15;4;1;0,8214285714285714;0,6666666666666666;0,8888888888888888;0,761904761904762;iforest;40-55;Sleeping;5
8;14;4;2;0,7857142857142857;0,6666666666666666;0,8;0,7272727272727272;iforest;40-55;Sleeping;6
8;14;4;2;0,7857142857142857;0,6666666666666666;0,8;0,7272727272727272;iforest;40-55;Sleeping;7
10;14;2;2;0,8571428571428571;0,8333333333333334;0,8333333333333334;0,8333333333333334;iforest;40-55;Sleeping;8
9;14;3;2;0,8214285714285714;0,75;0,8181818181818182;0,7826086956521738;rce;40-55;Sleeping;1
8;14;4;2;0,7857142857142857;0,6666666666666666;0,8;0,7272727272727272;rce;40-55;Sleeping;2
7;15;5;1;0,7857142857142857;0,5833333333333334;0,875;0,7000000000000001;rce;40-55;Sleeping;3
8;15;4;1;0,8214285714285714;0,6666666666666666;0,8888888888888888;0,761904761904762;rce;40-55;Sleeping;4
8;14;4;2;0,7857142857142857;0,6666666666666666;0,8;0,7272727272727272;rce;40-55;Sleeping;5
9;14;3;2;0,8214285714285714;0,75;0,8181818181818182;0,7826086956521738;rce;40-55;Sleeping;6
11;13;1;3;0,8571428571428571;0,9166666666666666;0,7857142857142857;0,8461538461538461;rce;40-55;Sleeping;7
11;12;1;4;0,8214285714285714;0,9166666666666666;0,7333333333333333;0,8148148148148148;rce;40-55;Sleeping;8
14;3;0;11;0,6071428571428571;1,0;0,56;0,717948717948718;ocsvm;60-75;BedToToilet;1
14;9;0;5;0,8214285714285714;1,0;0,7368421052631579;0,8484848484848484;ocsvm;60-75;BedToToilet;2
14;11;0;3;0,8928571428571429;1,0;0,8235294117647058;0,9032258064516129;ocsvm;60-75;BedToToilet;3
14;13;0;1;0,9642857142857143;1,0;0,9333333333333333;0,9655172413793104;ocsvm;60-75;BedToToilet;4
14;13;0;1;0,9642857142857143;1,0;0,9333333333333333;0,9655172413793104;ocsvm;60-75;BedToToilet;5
14;9;0;5;0,8214285714285714;1,0;0,7368421052631579;0,8484848484848484;ocsvm;60-75;BedToToilet;6
14;13;0;1;0,9642857142857143;1,0;0,9333333333333333;0,9655172413793104;ocsvm;60-75;BedToToilet;7
14;12;0;2;0,9285714285714286;1,0;0,875;0,9333333333333333;ocsvm;60-75;BedToToilet;8
14;14;0;0;1,0;1,0;1,0;1,0;lof;60-75;BedToToilet;1
14;14;0;0;1,0;1,0;1,0;1,0;lof;60-75;BedToToilet;2
14;14;0;0;1,0;1,0;1,0;1,0;lof;60-75;BedToToilet;3
14;13;0;1;0,9642857142857143;1,0;0,9333333333333333;0,9655172413793104;lof;60-75;BedToToilet;4
14;13;0;1;0,9642857142857143;1,0;0,9333333333333333;0,9655172413793104;lof;60-75;BedToToilet;5
14;14;0;0;1,0;1,0;1,0;1,0;lof;60-75;BedToToilet;6
14;9;0;5;0,8214285714285714;1,0;0,7368421052631579;0,8484848484848484;lof;60-75;BedToToilet;7
14;9;0;5;0,8214285714285714;1,0;0,7368421052631579;0,8484848484848484;lof;60-75;BedToToilet;8
1;13;13;1;0,5;0,07142857142857142;0,5;0,125;iforest;60-75;BedToToilet;1
0;13;14;1;0,4642857142857143;0,0;0,0;;iforest;60-75;BedToToilet;2
9;12;5;2;0,75;0,6428571428571429;0,8181818181818182;0,7200000000000001;iforest;60-75;BedToToilet;3
9;11;5;3;0,7142857142857143;0,6428571428571429;0,75;0,6923076923076924;iforest;60-75;BedToToilet;4
10;11;4;3;0,75;0,7142857142857143;0,7692307692307693;0,7407407407407408;iforest;60-75;BedToToilet;5
10;10;4;4;0,7142857142857143;0,7142857142857143;0,7142857142857143;0,7142857142857143;iforest;60-75;BedToToilet;6
14;10;0;4;0,8571428571428571;1,0;0,7777777777777778;0,8750000000000001;iforest;60-75;BedToToilet;7
14;13;0;1;0,9642857142857143;1,0;0,9333333333333333;0,9655172413793104;iforest;60-75;BedToToilet;8
14;7;0;7;0,75;1,0;0,6666666666666666;0,8;rce;60-75;BedToToilet;1
12;10;2;4;0,7857142857142857;0,8571428571428571;0,75;0,7999999999999999;rce;60-75;BedToToilet;2
12;8;2;6;0,7142857142857143;0,8571428571428571;0,6666666666666666;0,75;rce;60-75;BedToToilet;3
14;13;0;1;0,9642857142857143;1,0;0,9333333333333333;0,9655172413793104;rce;60-75;BedToToilet;4
14;13;0;1;0,9642857142857143;1,0;0,9333333333333333;0,9655172413793104;rce;60-75;BedToToilet;5
13;8;1;6;0,75;0,9285714285714286;0,6842105263157895;0,7878787878787878;rce;60-75;BedToToilet;6
12;11;2;3;0,8214285714285714;0,8571428571428571;0,8;0,8275862068965518;rce;60-75;BedToToilet;7
11;13;3;1;0,8571428571428571;0,7857142857142857;0,9166666666666666;0,8461538461538461;rce;60-75;BedToToilet;8
8;3;3;14;0,39285714285714285;0,7272727272727273;0,36363636363636365;0,4848484848484849;ocsvm;60-75;Eating;1
7;10;4;7;0,6071428571428571;0,6363636363636364;0,5;0,56;ocsvm;60-75;Eating;2
7;13;4;4;0,7142857142857143;0,6363636363636364;0,6363636363636364;0,6363636363636364;ocsvm;60-75;Eating;3
7;13;4;4;0,7142857142857143;0,6363636363636364;0,6363636363636364;0,6363636363636364;ocsvm;60-75;Eating;4
7;14;4;3;0,75;0,6363636363636364;0,7;0,6666666666666666;ocsvm;60-75;Eating;5
7;13;4;4;0,7142857142857143;0,6363636363636364;0,6363636363636364;0,6363636363636364;ocsvm;60-75;Eating;6
7;14;4;3;0,75;0,6363636363636364;0,7;0,6666666666666666;ocsvm;60-75;Eating;7
7;14;4;3;0,75;0,6363636363636364;0,7;0,6666666666666666;ocsvm;60-75;Eating;8
0;17;11;0;0,6071428571428571;0,0;;;lof;60-75;Eating;1
2;17;9;0;0,6785714285714286;0,18181818181818182;1,0;0,3076923076923077;lof;60-75;Eating;2
6;17;5;0;0,8214285714285714;0,5454545454545454;1,0;0,7058823529411764;lof;60-75;Eating;3
7;16;4;1;0,8214285714285714;0,6363636363636364;0,875;0,7368421052631579;lof;60-75;Eating;4
7;16;4;1;0,8214285714285714;0,6363636363636364;0,875;0,7368421052631579;lof;60-75;Eating;5
8;14;3;3;0,7857142857142857;0,7272727272727273;0,7272727272727273;0,7272727272727273;lof;60-75;Eating;6
9;15;2;2;0,8571428571428571;0,8181818181818182;0,8181818181818182;0,8181818181818182;lof;60-75;Eating;7
7;14;4;3;0,75;0,6363636363636364;0,7;0,6666666666666666;lof;60-75;Eating;8
1;14;10;3;0,5357142857142857;0,09090909090909091;0,25;0,13333333333333333;iforest;60-75;Eating;1
6;14;5;3;0,7142857142857143;0,5454545454545454;0,6666666666666666;0,6;iforest;60-75;Eating;2
6;16;5;1;0,7857142857142857;0,5454545454545454;0,8571428571428571;0,6666666666666665;iforest;60-75;Eating;3
1;16;10;1;0,6071428571428571;0,09090909090909091;0,5;0,15384615384615385;iforest;60-75;Eating;4
2;15;9;2;0,6071428571428571;0,18181818181818182;0,5;0,26666666666666666;iforest;60-75;Eating;5
7;16;4;1;0,8214285714285714;0,6363636363636364;0,875;0,7368421052631579;iforest;60-75;Eating;6
6;16;5;1;0,7857142857142857;0,5454545454545454;0,8571428571428571;0,6666666666666665;iforest;60-75;Eating;7
6;16;5;1;0,7857142857142857;0,5454545454545454;0,8571428571428571;0,6666666666666665;iforest;60-75;Eating;8
2;10;9;7;0,42857142857142855;0,18181818181818182;0,2222222222222222;0,19999999999999998;rce;60-75;Eating;1
6;15;5;2;0,75;0,5454545454545454;0,75;0,631578947368421;rce;60-75;Eating;2
7;16;4;1;0,8214285714285714;0,6363636363636364;0,875;0,7368421052631579;rce;60-75;Eating;3
9;15;2;2;0,8571428571428571;0,8181818181818182;0,8181818181818182;0,8181818181818182;rce;60-75;Eating;4
9;16;2;1;0,8928571428571429;0,8181818181818182;0,9;0,8571428571428572;rce;60-75;Eating;5
9;15;2;2;0,8571428571428571;0,8181818181818182;0,8181818181818182;0,8181818181818182;rce;60-75;Eating;6
9;16;2;1;0,8928571428571429;0,8181818181818182;0,9;0,8571428571428572;rce;60-75;Eating;7
7;17;4;0;0,8571428571428571;0,6363636363636364;1,0;0,7777777777777778;rce;60-75;Eating;8
12;2;0;14;0,5;1,0;0,46153846153846156;0,631578947368421;ocsvm;60-75;MealPreparation;1
12;6;0;10;0,6428571428571429;1,0;0,5454545454545454;0,7058823529411764;ocsvm;60-75;MealPreparation;2
12;10;0;6;0,7857142857142857;1,0;0,6666666666666666;0,8;ocsvm;60-75;MealPreparation;3
12;6;0;10;0,6428571428571429;1,0;0,5454545454545454;0,7058823529411764;ocsvm;60-75;MealPreparation;4
12;14;0;2;0,9285714285714286;1,0;0,8571428571428571;0,923076923076923;ocsvm;60-75;MealPreparation;5
12;10;0;6;0,7857142857142857;1,0;0,6666666666666666;0,8;ocsvm;60-75;MealPreparation;6
12;14;0;2;0,9285714285714286;1,0;0,8571428571428571;0,923076923076923;ocsvm;60-75;MealPreparation;7
12;14;0;2;0,9285714285714286;1,0;0,8571428571428571;0,923076923076923;ocsvm;60-75;MealPreparation;8
2;15;10;1;0,6071428571428571;0,16666666666666666;0,6666666666666666;0,26666666666666666;lof;60-75;MealPreparation;1
7;15;5;1;0,7857142857142857;0,5833333333333334;0,875;0,7000000000000001;lof;60-75;MealPreparation;2
9;15;3;1;0,8571428571428571;0,75;0,9;0,8181818181818182;lof;60-75;MealPreparation;3
12;15;0;1;0,9642857142857143;1,0;0,9230769230769231;0,9600000000000001;lof;60-75;MealPreparation;4
11;16;1;0;0,9642857142857143;0,9166666666666666;1,0;0,9565217391304348;lof;60-75;MealPreparation;5
11;14;1;2;0,8928571428571429;0,9166666666666666;0,8461538461538461;0,8799999999999999;lof;60-75;MealPreparation;6
11;14;1;2;0,8928571428571429;0,9166666666666666;0,8461538461538461;0,8799999999999999;lof;60-75;MealPreparation;7
11;13;1;3;0,8571428571428571;0,9166666666666666;0,7857142857142857;0,8461538461538461;lof;60-75;MealPreparation;8
2;8;10;8;0,35714285714285715;0,16666666666666666;0,2;0,1818181818181818;iforest;60-75;MealPreparation;1
2;8;10;8;0,35714285714285715;0,16666666666666666;0,2;0,1818181818181818;iforest;60-75;MealPreparation;2
3;7;9;9;0,35714285714285715;0,25;0,25;0,25;iforest;60-75;MealPreparation;3
3;7;9;9;0,35714285714285715;0,25;0,25;0,25;iforest;60-75;MealPreparation;4
12;11;0;5;0,8214285714285714;1,0;0,7058823529411765;0,8275862068965517;iforest;60-75;MealPreparation;5
12;13;0;3;0,8928571428571429;1,0;0,8;0,888888888888889;iforest;60-75;MealPreparation;6
12;15;0;1;0,9642857142857143;1,0;0,9230769230769231;0,9600000000000001;iforest;60-75;MealPreparation;7
12;15;0;1;0,9642857142857143;1,0;0,9230769230769231;0,9600000000000001;iforest;60-75;MealPreparation;8
12;3;0;13;0,5357142857142857;1,0;0,48;0,6486486486486487;rce;60-75;MealPreparation;1
11;8;1;8;0,6785714285714286;0,9166666666666666;0,5789473684210527;0,7096774193548387;rce;60-75;MealPreparation;2
11;8;1;8;0,6785714285714286;0,9166666666666666;0,5789473684210527;0,7096774193548387;rce;60-75;MealPreparation;3
11;9;1;7;0,7142857142857143;0,9166666666666666;0,6111111111111112;0,7333333333333334;rce;60-75;MealPreparation;4
12;10;0;6;0,7857142857142857;1,0;0,6666666666666666;0,8;rce;60-75;MealPreparation;5
12;15;0;1;0,9642857142857143;1,0;0,9230769230769231;0,9600000000000001;rce;60-75;MealPreparation;6
12;15;0;1;0,9642857142857143;1,0;0,9230769230769231;0,9600000000000001;rce;60-75;MealPreparation;7
11;15;1;1;0,9285714285714286;0,9166666666666666;0,9166666666666666;0,9166666666666666;rce;60-75;MealPreparation;8
13;1;0;14;0,5;1,0;0,48148148148148145;0,65;ocsvm;60-75;Relax;1
13;7;0;8;0,7142857142857143;1,0;0,6190476190476191;0,7647058823529412;ocsvm;60-75;Relax;2
13;9;0;6;0,7857142857142857;1,0;0,6842105263157895;0,8125000000000001;ocsvm;60-75;Relax;3
13;10;0;5;0,8214285714285714;1,0;0,7222222222222222;0,8387096774193548;ocsvm;60-75;Relax;4
13;10;0;5;0,8214285714285714;1,0;0,7222222222222222;0,8387096774193548;ocsvm;60-75;Relax;5
13;11;0;4;0,8571428571428571;1,0;0,7647058823529411;0,8666666666666666;ocsvm;60-75;Relax;6
13;11;0;4;0,8571428571428571;1,0;0,7647058823529411;0,8666666666666666;ocsvm;60-75;Relax;7
13;11;0;4;0,8571428571428571;1,0;0,7647058823529411;0,8666666666666666;ocsvm;60-75;Relax;8
12;14;1;1;0,9285714285714286;0,9230769230769231;0,9230769230769231;0,9230769230769231;lof;60-75;Relax;1
13;12;0;3;0,8928571428571429;1,0;0,8125;0,896551724137931;lof;60-75;Relax;2
13;14;0;1;0,9642857142857143;1,0;0,9285714285714286;0,962962962962963;lof;60-75;Relax;3
13;14;0;1;0,9642857142857143;1,0;0,9285714285714286;0,962962962962963;lof;60-75;Relax;4
13;14;0;1;0,9642857142857143;1,0;0,9285714285714286;0,962962962962963;lof;60-75;Relax;5
13;14;0;1;0,9642857142857143;1,0;0,9285714285714286;0,962962962962963;lof;60-75;Relax;6
13;12;0;3;0,8928571428571429;1,0;0,8125;0,896551724137931;lof;60-75;Relax;7
13;12;0;3;0,8928571428571429;1,0;0,8125;0,896551724137931;lof;60-75;Relax;8
0;15;13;0;0,5357142857142857;0,0;;;iforest;60-75;Relax;1
13;9;0;6;0,7857142857142857;1,0;0,6842105263157895;0,8125000000000001;iforest;60-75;Relax;2
13;10;0;5;0,8214285714285714;1,0;0,7222222222222222;0,8387096774193548;iforest;60-75;Relax;3
13;9;0;6;0,7857142857142857;1,0;0,6842105263157895;0,8125000000000001;iforest;60-75;Relax;4
13;9;0;6;0,7857142857142857;1,0;0,6842105263157895;0,8125000000000001;iforest;60-75;Relax;5
13;9;0;6;0,7857142857142857;1,0;0,6842105263157895;0,8125000000000001;iforest;60-75;Relax;6
13;9;0;6;0,7857142857142857;1,0;0,6842105263157895;0,8125000000000001;iforest;60-75;Relax;7
13;8;0;7;0,75;1,0;0,65;0,787878787878788;iforest;60-75;Relax;8
13;1;0;14;0,5;1,0;0,48148148148148145;0,65;rce;60-75;Relax;1
13;8;0;7;0,75;1,0;0,65;0,787878787878788;rce;60-75;Relax;2
13;10;0;5;0,8214285714285714;1,0;0,7222222222222222;0,8387096774193548;rce;60-75;Relax;3
13;10;0;5;0,8214285714285714;1,0;0,7222222222222222;0,8387096774193548;rce;60-75;Relax;4
13;10;0;5;0,8214285714285714;1,0;0,7222222222222222;0,8387096774193548;rce;60-75;Relax;5
13;10;0;5;0,8214285714285714;1,0;0,7222222222222222;0,8387096774193548;rce;60-75;Relax;6
13;10;0;5;0,8214285714285714;1,0;0,7222222222222222;0,8387096774193548;rce;60-75;Relax;7
13;10;0;5;0,8214285714285714;1,0;0,7222222222222222;0,8387096774193548;rce;60-75;Relax;8
12;8;1;7;0,7142857142857143;0,9230769230769231;0,631578947368421;0,7499999999999999;ocsvm;60-75;Sleeping;1
12;10;1;5;0,7857142857142857;0,9230769230769231;0,7058823529411765;0,8000000000000002;ocsvm;60-75;Sleeping;2
10;13;3;2;0,8214285714285714;0,7692307692307693;0,8333333333333334;0,8;ocsvm;60-75;Sleeping;3
10;13;3;2;0,8214285714285714;0,7692307692307693;0,8333333333333334;0,8;ocsvm;60-75;Sleeping;4
10;12;3;3;0,7857142857142857;0,7692307692307693;0,7692307692307693;0,7692307692307693;ocsvm;60-75;Sleeping;5
10;12;3;3;0,7857142857142857;0,7692307692307693;0,7692307692307693;0,7692307692307693;ocsvm;60-75;Sleeping;6
10;13;3;2;0,8214285714285714;0,7692307692307693;0,8333333333333334;0,8;ocsvm;60-75;Sleeping;7
10;13;3;2;0,8214285714285714;0,7692307692307693;0,8333333333333334;0,8;ocsvm;60-75;Sleeping;8
2;14;11;1;0,5714285714285714;0,15384615384615385;0,6666666666666666;0,25;lof;60-75;Sleeping;1
7;14;6;1;0,75;0,5384615384615384;0,875;0,6666666666666667;lof;60-75;Sleeping;2
7;14;6;1;0,75;0,5384615384615384;0,875;0,6666666666666667;lof;60-75;Sleeping;3
9;14;4;1;0,8214285714285714;0,6923076923076923;0,9;0,7826086956521738;lof;60-75;Sleeping;4
9;13;4;2;0,7857142857142857;0,6923076923076923;0,8181818181818182;0,7500000000000001;lof;60-75;Sleeping;5
9;13;4;2;0,7857142857142857;0,6923076923076923;0,8181818181818182;0,7500000000000001;lof;60-75;Sleeping;6
9;11;4;4;0,7142857142857143;0,6923076923076923;0,6923076923076923;0,6923076923076923;lof;60-75;Sleeping;7
10;12;3;3;0,7857142857142857;0,7692307692307693;0,7692307692307693;0,7692307692307693;lof;60-75;Sleeping;8
7;11;6;4;0,6428571428571429;0,5384615384615384;0,6363636363636364;0,5833333333333334;iforest;60-75;Sleeping;1
9;11;4;4;0,7142857142857143;0,6923076923076923;0,6923076923076923;0,6923076923076923;iforest;60-75;Sleeping;2
9;14;4;1;0,8214285714285714;0,6923076923076923;0,9;0,7826086956521738;iforest;60-75;Sleeping;3
10;14;3;1;0,8571428571428571;0,7692307692307693;0,9090909090909091;0,8333333333333333;iforest;60-75;Sleeping;4
10;14;3;1;0,8571428571428571;0,7692307692307693;0,9090909090909091;0,8333333333333333;iforest;60-75;Sleeping;5
10;14;3;1;0,8571428571428571;0,7692307692307693;0,9090909090909091;0,8333333333333333;iforest;60-75;Sleeping;6
10;13;3;2;0,8214285714285714;0,7692307692307693;0,8333333333333334;0,8;iforest;60-75;Sleeping;7
11;13;2;2;0,8571428571428571;0,8461538461538461;0,8461538461538461;0,8461538461538461;iforest;60-75;Sleeping;8
11;13;2;2;0,8571428571428571;0,8461538461538461;0,8461538461538461;0,8461538461538461;rce;60-75;Sleeping;1
9;13;4;2;0,7857142857142857;0,6923076923076923;0,8181818181818182;0,7500000000000001;rce;60-75;Sleeping;2
10;14;3;1;0,8571428571428571;0,7692307692307693;0,9090909090909091;0,8333333333333333;rce;60-75;Sleeping;3
10;14;3;1;0,8571428571428571;0,7692307692307693;0,9090909090909091;0,8333333333333333;rce;60-75;Sleeping;4
10;13;3;2;0,8214285714285714;0,7692307692307693;0,8333333333333334;0,8;rce;60-75;Sleeping;5
10;13;3;2;0,8214285714285714;0,7692307692307693;0,8333333333333334;0,8;rce;60-75;Sleeping;6
11;12;2;3;0,8214285714285714;0,8461538461538461;0,7857142857142857;0,8148148148148148;rce;60-75;Sleeping;7
11;12;2;3;0,8214285714285714;0,8461538461538461;0,7857142857142857;0,8148148148148148;rce;60-75;Sleeping;8
11;4;0;13;0,5357142857142857;1,0;0,4583333333333333;0,6285714285714286;ocsvm;80-95;BedToToilet;1
11;12;0;5;0,8214285714285714;1,0;0,6875;0,8148148148148148;ocsvm;80-95;BedToToilet;2
11;14;0;3;0,8928571428571429;1,0;0,7857142857142857;0,88;ocsvm;80-95;BedToToilet;3
11;16;0;1;0,9642857142857143;1,0;0,9166666666666666;0,9565217391304348;ocsvm;80-95;BedToToilet;4
11;16;0;1;0,9642857142857143;1,0;0,9166666666666666;0,9565217391304348;ocsvm;80-95;BedToToilet;5
11;11;0;6;0,7857142857142857;1,0;0,6470588235294118;0,7857142857142858;ocsvm;80-95;BedToToilet;6
11;16;0;1;0,9642857142857143;1,0;0,9166666666666666;0,9565217391304348;ocsvm;80-95;BedToToilet;7
11;15;0;2;0,9285714285714286;1,0;0,8461538461538461;0,9166666666666666;ocsvm;80-95;BedToToilet;8
11;17;0;0;1,0;1,0;1,0;1,0;lof;80-95;BedToToilet;1
11;17;0;0;1,0;1,0;1,0;1,0;lof;80-95;BedToToilet;2
11;17;0;0;1,0;1,0;1,0;1,0;lof;80-95;BedToToilet;3
11;16;0;1;0,9642857142857143;1,0;0,9166666666666666;0,9565217391304348;lof;80-95;BedToToilet;4
11;16;0;1;0,9642857142857143;1,0;0,9166666666666666;0,9565217391304348;lof;80-95;BedToToilet;5
11;17;0;0;1,0;1,0;1,0;1,0;lof;80-95;BedToToilet;6
11;10;0;7;0,75;1,0;0,6111111111111112;0,7586206896551725;lof;80-95;BedToToilet;7
11;10;0;7;0,75;1,0;0,6111111111111112;0,7586206896551725;lof;80-95;BedToToilet;8
1;16;10;1;0,6071428571428571;0,09090909090909091;0,5;0,15384615384615385;iforest;80-95;BedToToilet;1
0;16;11;1;0,5714285714285714;0,0;0,0;;iforest;80-95;BedToToilet;2
8;15;3;2;0,8214285714285714;0,7272727272727273;0,8;0,761904761904762;iforest;80-95;BedToToilet;3
8;14;3;3;0,7857142857142857;0,7272727272727273;0,7272727272727273;0,7272727272727273;iforest;80-95;BedToToilet;4
10;14;1;3;0,8571428571428571;0,9090909090909091;0,7692307692307693;0,8333333333333333;iforest;80-95;BedToToilet;5
10;13;1;4;0,8214285714285714;0,9090909090909091;0,7142857142857143;0,8;iforest;80-95;BedToToilet;6
11;13;0;4;0,8571428571428571;1,0;0,7333333333333333;0,846153846153846;iforest;80-95;BedToToilet;7
11;16;0;1;0,9642857142857143;1,0;0,9166666666666666;0,9565217391304348;iforest;80-95;BedToToilet;8
11;8;0;9;0,6785714285714286;1,0;0,55;0,7096774193548387;rce;80-95;BedToToilet;1
10;11;1;6;0,75;0,9090909090909091;0,625;0,7407407407407406;rce;80-95;BedToToilet;2
10;9;1;8;0,6785714285714286;0,9090909090909091;0,5555555555555556;0,6896551724137931;rce;80-95;BedToToilet;3
11;16;0;1;0,9642857142857143;1,0;0,9166666666666666;0,9565217391304348;rce;80-95;BedToToilet;4
11;16;0;1;0,9642857142857143;1,0;0,9166666666666666;0,9565217391304348;rce;80-95;BedToToilet;5
10;9;1;8;0,6785714285714286;0,9090909090909091;0,5555555555555556;0,6896551724137931;rce;80-95;BedToToilet;6
10;14;1;3;0,8571428571428571;0,9090909090909091;0,7692307692307693;0,8333333333333333;rce;80-95;BedToToilet;7
9;16;2;1;0,8928571428571429;0,8181818181818182;0,9;0,8571428571428572;rce;80-95;BedToToilet;8
11;2;1;14;0,4642857142857143;0,9166666666666666;0,44;0,5945945945945945;ocsvm;80-95;Eating;1
11;9;1;7;0,7142857142857143;0,9166666666666666;0,6111111111111112;0,7333333333333334;ocsvm;80-95;Eating;2
11;12;1;4;0,8214285714285714;0,9166666666666666;0,7333333333333333;0,8148148148148148;ocsvm;80-95;Eating;3
11;12;1;4;0,8214285714285714;0,9166666666666666;0,7333333333333333;0,8148148148148148;ocsvm;80-95;Eating;4
11;13;1;3;0,8571428571428571;0,9166666666666666;0,7857142857142857;0,8461538461538461;ocsvm;80-95;Eating;5
11;12;1;4;0,8214285714285714;0,9166666666666666;0,7333333333333333;0,8148148148148148;ocsvm;80-95;Eating;6
11;13;1;3;0,8571428571428571;0,9166666666666666;0,7857142857142857;0,8461538461538461;ocsvm;80-95;Eating;7
11;13;1;3;0,8571428571428571;0,9166666666666666;0,7857142857142857;0,8461538461538461;ocsvm;80-95;Eating;8
1;16;11;0;0,6071428571428571;0,08333333333333333;1,0;0,15384615384615385;lof;80-95;Eating;1
5;16;7;0;0,75;0,4166666666666667;1,0;0,5882352941176471;lof;80-95;Eating;2
9;16;3;0;0,8928571428571429;0,75;1,0;0,8571428571428571;lof;80-95;Eating;3
10;15;2;1;0,8928571428571429;0,8333333333333334;0,9090909090909091;0,8695652173913043;lof;80-95;Eating;4
10;15;2;1;0,8928571428571429;0,8333333333333334;0,9090909090909091;0,8695652173913043;lof;80-95;Eating;5
10;12;2;4;0,7857142857142857;0,8333333333333334;0,7142857142857143;0,7692307692307692;lof;80-95;Eating;6
10;13;2;3;0,8214285714285714;0,8333333333333334;0,7692307692307693;0,8;lof;80-95;Eating;7
10;12;2;4;0,7857142857142857;0,8333333333333334;0,7142857142857143;0,7692307692307692;lof;80-95;Eating;8
0;13;12;3;0,4642857142857143;0,0;0,0;;iforest;80-95;Eating;1
8;13;4;3;0,75;0,6666666666666666;0,7272727272727273;0,6956521739130435;iforest;80-95;Eating;2
9;15;3;1;0,8571428571428571;0,75;0,9;0,8181818181818182;iforest;80-95;Eating;3
0;15;12;1;0,5357142857142857;0,0;0,0;;iforest;80-95;Eating;4
1;14;11;2;0,5357142857142857;0,08333333333333333;0,3333333333333333;0,13333333333333333;iforest;80-95;Eating;5
9;15;3;1;0,8571428571428571;0,75;0,9;0,8181818181818182;iforest;80-95;Eating;6
9;15;3;1;0,8571428571428571;0,75;0,9;0,8181818181818182;iforest;80-95;Eating;7
9;15;3;1;0,8571428571428571;0,75;0,9;0,8181818181818182;iforest;80-95;Eating;8
9;9;3;7;0,6428571428571429;0,75;0,5625;0,6428571428571429;rce;80-95;Eating;1
9;14;3;2;0,8214285714285714;0,75;0,8181818181818182;0,7826086956521738;rce;80-95;Eating;2
10;15;2;1;0,8928571428571429;0,8333333333333334;0,9090909090909091;0,8695652173913043;rce;80-95;Eating;3
11;14;1;2;0,8928571428571429;0,9166666666666666;0,8461538461538461;0,8799999999999999;rce;80-95;Eating;4
11;15;1;1;0,9285714285714286;0,9166666666666666;0,9166666666666666;0,9166666666666666;rce;80-95;Eating;5
11;14;1;2;0,8928571428571429;0,9166666666666666;0,8461538461538461;0,8799999999999999;rce;80-95;Eating;6
11;15;1;1;0,9285714285714286;0,9166666666666666;0,9166666666666666;0,9166666666666666;rce;80-95;Eating;7
10;16;2;0;0,9285714285714286;0,8333333333333334;1,0;0,9090909090909091;rce;80-95;Eating;8
10;2;0;16;0,42857142857142855;1,0;0,38461538461538464;0,5555555555555556;ocsvm;80-95;MealPreparation;1
10;9;0;9;0,6785714285714286;1,0;0,5263157894736842;0,6896551724137931;ocsvm;80-95;MealPreparation;2
10;11;0;7;0,75;1,0;0,5882352941176471;0,7407407407407407;ocsvm;80-95;MealPreparation;3
10;9;0;9;0,6785714285714286;1,0;0,5263157894736842;0,6896551724137931;ocsvm;80-95;MealPreparation;4
10;16;0;2;0,9285714285714286;1,0;0,8333333333333334;0,9090909090909091;ocsvm;80-95;MealPreparation;5
10;13;0;5;0,8214285714285714;1,0;0,6666666666666666;0,8;ocsvm;80-95;MealPreparation;6
10;16;0;2;0,9285714285714286;1,0;0,8333333333333334;0,9090909090909091;ocsvm;80-95;MealPreparation;7
10;16;0;2;0,9285714285714286;1,0;0,8333333333333334;0,9090909090909091;ocsvm;80-95;MealPreparation;8
9;17;1;1;0,9285714285714286;0,9;0,9;0,9;lof;80-95;MealPreparation;1
10;17;0;1;0,9642857142857143;1,0;0,9090909090909091;0,9523809523809523;lof;80-95;MealPreparation;2
10;17;0;1;0,9642857142857143;1,0;0,9090909090909091;0,9523809523809523;lof;80-95;MealPreparation;3
10;17;0;1;0,9642857142857143;1,0;0,9090909090909091;0,9523809523809523;lof;80-95;MealPreparation;4
10;18;0;0;1,0;1,0;1,0;1,0;lof;80-95;MealPreparation;5
10;15;0;3;0,8928571428571429;1,0;0,7692307692307693;0,8695652173913044;lof;80-95;MealPreparation;6
10;15;0;3;0,8928571428571429;1,0;0,7692307692307693;0,8695652173913044;lof;80-95;MealPreparation;7
10;14;0;4;0,8571428571428571;1,0;0,7142857142857143;0,8333333333333333;lof;80-95;MealPreparation;8
5;9;5;9;0,5;0,5;0,35714285714285715;0,41666666666666663;iforest;80-95;MealPreparation;1
5;10;5;8;0,5357142857142857;0,5;0,38461538461538464;0,4347826086956522;iforest;80-95;MealPreparation;2
5;9;5;9;0,5;0,5;0,35714285714285715;0,41666666666666663;iforest;80-95;MealPreparation;3
5;9;5;9;0,5;0,5;0,35714285714285715;0,41666666666666663;iforest;80-95;MealPreparation;4
10;14;0;4;0,8571428571428571;1,0;0,7142857142857143;0,8333333333333333;iforest;80-95;MealPreparation;5
10;14;0;4;0,8571428571428571;1,0;0,7142857142857143;0,8333333333333333;iforest;80-95;MealPreparation;6
10;17;0;1;0,9642857142857143;1,0;0,9090909090909091;0,9523809523809523;iforest;80-95;MealPreparation;7
10;17;0;1;0,9642857142857143;1,0;0,9090909090909091;0,9523809523809523;iforest;80-95;MealPreparation;8
10;3;0;15;0,4642857142857143;1,0;0,4;0,5714285714285715;rce;80-95;MealPreparation;1
10;10;0;8;0,7142857142857143;1,0;0,5555555555555556;0,7142857142857143;rce;80-95;MealPreparation;2
10;10;0;8;0,7142857142857143;1,0;0,5555555555555556;0,7142857142857143;rce;80-95;MealPreparation;3
10;12;0;6;0,7857142857142857;1,0;0,625;0,7692307692307693;rce;80-95;MealPreparation;4
10;13;0;5;0,8214285714285714;1,0;0,6666666666666666;0,8;rce;80-95;MealPreparation;5
10;17;0;1;0,9642857142857143;1,0;0,9090909090909091;0,9523809523809523;rce;80-95;MealPreparation;6
10;17;0;1;0,9642857142857143;1,0;0,9090909090909091;0,9523809523809523;rce;80-95;MealPreparation;7
10;17;0;1;0,9642857142857143;1,0;0,9090909090909091;0,9523809523809523;rce;80-95;MealPreparation;8
11;1;0;16;0,42857142857142855;1,0;0,4074074074074074;0,5789473684210525;ocsvm;80-95;Relax;1
11;7;0;10;0,6428571428571429;1,0;0,5238095238095238;0,6875000000000001;ocsvm;80-95;Relax;2
11;9;0;8;0,7142857142857143;1,0;0,5789473684210527;0,7333333333333334;ocsvm;80-95;Relax;3
11;10;0;7;0,75;1,0;0,6111111111111112;0,7586206896551725;ocsvm;80-95;Relax;4
11;10;0;7;0,75;1,0;0,6111111111111112;0,7586206896551725;ocsvm;80-95;Relax;5
11;11;0;6;0,7857142857142857;1,0;0,6470588235294118;0,7857142857142858;ocsvm;80-95;Relax;6
11;11;0;6;0,7857142857142857;1,0;0,6470588235294118;0,7857142857142858;ocsvm;80-95;Relax;7
11;11;0;6;0,7857142857142857;1,0;0,6470588235294118;0,7857142857142858;ocsvm;80-95;Relax;8
11;15;0;2;0,9285714285714286;1,0;0,8461538461538461;0,9166666666666666;lof;80-95;Relax;1
11;13;0;4;0,8571428571428571;1,0;0,7333333333333333;0,846153846153846;lof;80-95;Relax;2
11;15;0;2;0,9285714285714286;1,0;0,8461538461538461;0,9166666666666666;lof;80-95;Relax;3
11;15;0;2;0,9285714285714286;1,0;0,8461538461538461;0,9166666666666666;lof;80-95;Relax;4
11;15;0;2;0,9285714285714286;1,0;0,8461538461538461;0,9166666666666666;lof;80-95;Relax;5
11;15;0;2;0,9285714285714286;1,0;0,8461538461538461;0,9166666666666666;lof;80-95;Relax;6
11;13;0;4;0,8571428571428571;1,0;0,7333333333333333;0,846153846153846;lof;80-95;Relax;7
11;13;0;4;0,8571428571428571;1,0;0,7333333333333333;0,846153846153846;lof;80-95;Relax;8
0;15;11;2;0,5357142857142857;0,0;0,0;;iforest;80-95;Relax;1
11;9;0;8;0,7142857142857143;1,0;0,5789473684210527;0,7333333333333334;iforest;80-95;Relax;2
11;11;0;6;0,7857142857142857;1,0;0,6470588235294118;0,7857142857142858;iforest;80-95;Relax;3
11;9;0;8;0,7142857142857143;1,0;0,5789473684210527;0,7333333333333334;iforest;80-95;Relax;4
11;10;0;7;0,75;1,0;0,6111111111111112;0,7586206896551725;iforest;80-95;Relax;5
11;10;0;7;0,75;1,0;0,6111111111111112;0,7586206896551725;iforest;80-95;Relax;6
11;10;0;7;0,75;1,0;0,6111111111111112;0,7586206896551725;iforest;80-95;Relax;7
11;9;0;8;0,7142857142857143;1,0;0,5789473684210527;0,7333333333333334;iforest;80-95;Relax;8
11;1;0;16;0,42857142857142855;1,0;0,4074074074074074;0,5789473684210525;rce;80-95;Relax;1
11;8;0;9;0,6785714285714286;1,0;0,55;0,7096774193548387;rce;80-95;Relax;2
11;11;0;6;0,7857142857142857;1,0;0,6470588235294118;0,7857142857142858;rce;80-95;Relax;3
11;10;0;7;0,75;1,0;0,6111111111111112;0,7586206896551725;rce;80-95;Relax;4
11;11;0;6;0,7857142857142857;1,0;0,6470588235294118;0,7857142857142858;rce;80-95;Relax;5
11;10;0;7;0,75;1,0;0,6111111111111112;0,7586206896551725;rce;80-95;Relax;6
11;10;0;7;0,75;1,0;0,6111111111111112;0,7586206896551725;rce;80-95;Relax;7
11;11;0;6;0,7857142857142857;1,0;0,6470588235294118;0,7857142857142858;rce;80-95;Relax;8
12;9;0;7;0,75;1,0;0,631578947368421;0,7741935483870968;ocsvm;80-95;Sleeping;1
11;11;1;5;0,7857142857142857;0,9166666666666666;0,6875;0,7857142857142857;ocsvm;80-95;Sleeping;2
12;14;0;2;0,9285714285714286;1,0;0,8571428571428571;0,923076923076923;ocsvm;80-95;Sleeping;3
12;14;0;2;0,9285714285714286;1,0;0,8571428571428571;0,923076923076923;ocsvm;80-95;Sleeping;4
12;13;0;3;0,8928571428571429;1,0;0,8;0,888888888888889;ocsvm;80-95;Sleeping;5
12;13;0;3;0,8928571428571429;1,0;0,8;0,888888888888889;ocsvm;80-95;Sleeping;6
12;14;0;2;0,9285714285714286;1,0;0,8571428571428571;0,923076923076923;ocsvm;80-95;Sleeping;7
12;14;0;2;0,9285714285714286;1,0;0,8571428571428571;0,923076923076923;ocsvm;80-95;Sleeping;8
6;15;6;1;0,75;0,5;0,8571428571428571;0,631578947368421;lof;80-95;Sleeping;1
8;15;4;1;0,8214285714285714;0,6666666666666666;0,8888888888888888;0,761904761904762;lof;80-95;Sleeping;2
8;15;4;1;0,8214285714285714;0,6666666666666666;0,8888888888888888;0,761904761904762;lof;80-95;Sleeping;3
10;15;2;1;0,8928571428571429;0,8333333333333334;0,9090909090909091;0,8695652173913043;lof;80-95;Sleeping;4
9;14;3;2;0,8214285714285714;0,75;0,8181818181818182;0,7826086956521738;lof;80-95;Sleeping;5
10;13;2;3;0,8214285714285714;0,8333333333333334;0,7692307692307693;0,8;lof;80-95;Sleeping;6
10;12;2;4;0,7857142857142857;0,8333333333333334;0,7142857142857143;0,7692307692307692;lof;80-95;Sleeping;7
11;13;1;3;0,8571428571428571;0,9166666666666666;0,7857142857142857;0,8461538461538461;lof;80-95;Sleeping;8
8;12;4;4;0,7142857142857143;0,6666666666666666;0,6666666666666666;0,6666666666666666;iforest;80-95;Sleeping;1
12;12;0;4;0,8571428571428571;1,0;0,75;0,8571428571428571;iforest;80-95;Sleeping;2
11;15;1;1;0,9285714285714286;0,9166666666666666;0,9166666666666666;0,9166666666666666;iforest;80-95;Sleeping;3
12;15;0;1;0,9642857142857143;1,0;0,9230769230769231;0,9600000000000001;iforest;80-95;Sleeping;4
12;15;0;1;0,9642857142857143;1,0;0,9230769230769231;0,9600000000000001;iforest;80-95;Sleeping;5
12;15;0;1;0,9642857142857143;1,0;0,9230769230769231;0,9600000000000001;iforest;80-95;Sleeping;6
12;14;0;2;0,9285714285714286;1,0;0,8571428571428571;0,923076923076923;iforest;80-95;Sleeping;7
12;14;0;2;0,9285714285714286;1,0;0,8571428571428571;0,923076923076923;iforest;80-95;Sleeping;8
11;14;1;2;0,8928571428571429;0,9166666666666666;0,8461538461538461;0,8799999999999999;rce;80-95;Sleeping;1
10;14;2;2;0,8571428571428571;0,8333333333333334;0,8333333333333334;0,8333333333333334;rce;80-95;Sleeping;2
10;15;2;1;0,8928571428571429;0,8333333333333334;0,9090909090909091;0,8695652173913043;rce;80-95;Sleeping;3
11;15;1;1;0,9285714285714286;0,9166666666666666;0,9166666666666666;0,9166666666666666;rce;80-95;Sleeping;4
11;14;1;2;0,8928571428571429;0,9166666666666666;0,8461538461538461;0,8799999999999999;rce;80-95;Sleeping;5
11;14;1;2;0,8928571428571429;0,9166666666666666;0,8461538461538461;0,8799999999999999;rce;80-95;Sleeping;6
12;13;0;3;0,8928571428571429;1,0;0,8;0,888888888888889;rce;80-95;Sleeping;7
12;13;0;3;0,8928571428571429;1,0;0,8;0,888888888888889;rce;80-95;Sleeping;8
12;4;0;12;0,5714285714285714;1,0;0,5;0,6666666666666666;ocsvm;20-95;BedToToilet;1
12;11;0;5;0,8214285714285714;1,0;0,7058823529411765;0,8275862068965517;ocsvm;20-95;BedToToilet;2
12;13;0;3;0,8928571428571429;1,0;0,8;0,888888888888889;ocsvm;20-95;BedToToilet;3
12;15;0;1;0,9642857142857143;1,0;0,9230769230769231;0,9600000000000001;ocsvm;20-95;BedToToilet;4
12;15;0;1;0,9642857142857143;1,0;0,9230769230769231;0,9600000000000001;ocsvm;20-95;BedToToilet;5
12;10;0;6;0,7857142857142857;1,0;0,6666666666666666;0,8;ocsvm;20-95;BedToToilet;6
12;15;0;1;0,9642857142857143;1,0;0,9230769230769231;0,9600000000000001;ocsvm;20-95;BedToToilet;7
12;14;0;2;0,9285714285714286;1,0;0,8571428571428571;0,923076923076923;ocsvm;20-95;BedToToilet;8
12;16;0;0;1,0;1,0;1,0;1,0;lof;20-95;BedToToilet;1
12;16;0;0;1,0;1,0;1,0;1,0;lof;20-95;BedToToilet;2
12;16;0;0;1,0;1,0;1,0;1,0;lof;20-95;BedToToilet;3
12;15;0;1;0,9642857142857143;1,0;0,9230769230769231;0,9600000000000001;lof;20-95;BedToToilet;4
12;15;0;1;0,9642857142857143;1,0;0,9230769230769231;0,9600000000000001;lof;20-95;BedToToilet;5
12;16;0;0;1,0;1,0;1,0;1,0;lof;20-95;BedToToilet;6
12;11;0;5;0,8214285714285714;1,0;0,7058823529411765;0,8275862068965517;lof;20-95;BedToToilet;7
12;11;0;5;0,8214285714285714;1,0;0,7058823529411765;0,8275862068965517;lof;20-95;BedToToilet;8
1;15;11;1;0,5714285714285714;0,08333333333333333;0,5;0,14285714285714285;iforest;20-95;BedToToilet;1
0;15;12;1;0,5357142857142857;0,0;0,0;;iforest;20-95;BedToToilet;2
4;14;8;2;0,6428571428571429;0,3333333333333333;0,6666666666666666;0,4444444444444444;iforest;20-95;BedToToilet;3
4;13;8;3;0,6071428571428571;0,3333333333333333;0,5714285714285714;0,4210526315789474;iforest;20-95;BedToToilet;4
11;13;1;3;0,8571428571428571;0,9166666666666666;0,7857142857142857;0,8461538461538461;iforest;20-95;BedToToilet;5
10;12;2;4;0,7857142857142857;0,8333333333333334;0,7142857142857143;0,7692307692307692;iforest;20-95;BedToToilet;6
12;12;0;4;0,8571428571428571;1,0;0,75;0,8571428571428571;iforest;20-95;BedToToilet;7
12;15;0;1;0,9642857142857143;1,0;0,9230769230769231;0,9600000000000001;iforest;20-95;BedToToilet;8
12;9;0;7;0,75;1,0;0,631578947368421;0,7741935483870968;rce;20-95;BedToToilet;1
11;12;1;4;0,8214285714285714;0,9166666666666666;0,7333333333333333;0,8148148148148148;rce;20-95;BedToToilet;2
11;10;1;6;0,75;0,9166666666666666;0,6470588235294118;0,7586206896551724;rce;20-95;BedToToilet;3
12;15;0;1;0,9642857142857143;1,0;0,9230769230769231;0,9600000000000001;rce;20-95;BedToToilet;4
12;15;0;1;0,9642857142857143;1,0;0,9230769230769231;0,9600000000000001;rce;20-95;BedToToilet;5
11;10;1;6;0,75;0,9166666666666666;0,6470588235294118;0,7586206896551724;rce;20-95;BedToToilet;6
11;13;1;3;0,8571428571428571;0,9166666666666666;0,7857142857142857;0,8461538461538461;rce;20-95;BedToToilet;7
11;15;1;1;0,9285714285714286;0,9166666666666666;0,9166666666666666;0,9166666666666666;rce;20-95;BedToToilet;8
12;3;0;13;0,5357142857142857;1,0;0,48;0,6486486486486487;ocsvm;20-95;Eating;1
12;9;0;7;0,75;1,0;0,631578947368421;0,7741935483870968;ocsvm;20-95;Eating;2
12;12;0;4;0,8571428571428571;1,0;0,75;0,8571428571428571;ocsvm;20-95;Eating;3
12;12;0;4;0,8571428571428571;1,0;0,75;0,8571428571428571;ocsvm;20-95;Eating;4
12;13;0;3;0,8928571428571429;1,0;0,8;0,888888888888889;ocsvm;20-95;Eating;5
12;12;0;4;0,8571428571428571;1,0;0,75;0,8571428571428571;ocsvm;20-95;Eating;6
12;13;0;3;0,8928571428571429;1,0;0,8;0,888888888888889;ocsvm;20-95;Eating;7
12;13;0;3;0,8928571428571429;1,0;0,8;0,888888888888889;ocsvm;20-95;Eating;8
0;16;12;0;0,5714285714285714;0,0;;;lof;20-95;Eating;1
7;16;5;0;0,8214285714285714;0,5833333333333334;1,0;0,7368421052631579;lof;20-95;Eating;2
11;16;1;0;0,9642857142857143;0,9166666666666666;1,0;0,9565217391304348;lof;20-95;Eating;3
12;15;0;1;0,9642857142857143;1,0;0,9230769230769231;0,9600000000000001;lof;20-95;Eating;4
12;15;0;1;0,9642857142857143;1,0;0,9230769230769231;0,9600000000000001;lof;20-95;Eating;5
12;13;0;3;0,8928571428571429;1,0;0,8;0,888888888888889;lof;20-95;Eating;6
11;14;1;2;0,8928571428571429;0,9166666666666666;0,8461538461538461;0,8799999999999999;lof;20-95;Eating;7
12;13;0;3;0,8928571428571429;1,0;0,8;0,888888888888889;lof;20-95;Eating;8
0;12;12;4;0,42857142857142855;0,0;0,0;;iforest;20-95;Eating;1
6;13;6;3;0,6785714285714286;0,5;0,6666666666666666;0,5714285714285715;iforest;20-95;Eating;2
9;15;3;1;0,8571428571428571;0,75;0,9;0,8181818181818182;iforest;20-95;Eating;3
1;15;11;1;0,5714285714285714;0,08333333333333333;0,5;0,14285714285714285;iforest;20-95;Eating;4
5;14;7;2;0,6785714285714286;0,4166666666666667;0,7142857142857143;0,5263157894736842;iforest;20-95;Eating;5
10;15;2;1;0,8928571428571429;0,8333333333333334;0,9090909090909091;0,8695652173913043;iforest;20-95;Eating;6
8;15;4;1;0,8214285714285714;0,6666666666666666;0,8888888888888888;0,761904761904762;iforest;20-95;Eating;7
8;15;4;1;0,8214285714285714;0,6666666666666666;0,8888888888888888;0,761904761904762;iforest;20-95;Eating;8
11;9;1;7;0,7142857142857143;0,9166666666666666;0,6111111111111112;0,7333333333333334;rce;20-95;Eating;1
11;13;1;3;0,8571428571428571;0,9166666666666666;0,7857142857142857;0,8461538461538461;rce;20-95;Eating;2
12;15;0;1;0,9642857142857143;1,0;0,9230769230769231;0,9600000000000001;rce;20-95;Eating;3
12;14;0;2;0,9285714285714286;1,0;0,8571428571428571;0,923076923076923;rce;20-95;Eating;4
12;15;0;1;0,9642857142857143;1,0;0,9230769230769231;0,9600000000000001;rce;20-95;Eating;5
12;14;0;2;0,9285714285714286;1,0;0,8571428571428571;0,923076923076923;rce;20-95;Eating;6
12;15;0;1;0,9642857142857143;1,0;0,9230769230769231;0,9600000000000001;rce;20-95;Eating;7
12;16;0;0;1,0;1,0;1,0;1,0;rce;20-95;Eating;8
11;2;0;15;0,4642857142857143;1,0;0,4230769230769231;0,5945945945945945;ocsvm;20-95;MealPreparation;1
9;8;2;9;0,6071428571428571;0,8181818181818182;0,5;0,6206896551724137;ocsvm;20-95;MealPreparation;2
9;11;2;6;0,7142857142857143;0,8181818181818182;0,6;0,6923076923076923;ocsvm;20-95;MealPreparation;3
9;8;2;9;0,6071428571428571;0,8181818181818182;0,5;0,6206896551724137;ocsvm;20-95;MealPreparation;4
9;15;2;2;0,8571428571428571;0,8181818181818182;0,8181818181818182;0,8181818181818182;ocsvm;20-95;MealPreparation;5
9;11;2;6;0,7142857142857143;0,8181818181818182;0,6;0,6923076923076923;ocsvm;20-95;MealPreparation;6
9;15;2;2;0,8571428571428571;0,8181818181818182;0,8181818181818182;0,8181818181818182;ocsvm;20-95;MealPreparation;7
9;15;2;2;0,8571428571428571;0,8181818181818182;0,8181818181818182;0,8181818181818182;ocsvm;20-95;MealPreparation;8
3;16;8;1;0,6785714285714286;0,2727272727272727;0,75;0,39999999999999997;lof;20-95;MealPreparation;1
6;16;5;1;0,7857142857142857;0,5454545454545454;0,8571428571428571;0,6666666666666665;lof;20-95;MealPreparation;2
8;16;3;1;0,8571428571428571;0,7272727272727273;0,8888888888888888;0,7999999999999999;lof;20-95;MealPreparation;3
8;16;3;1;0,8571428571428571;0,7272727272727273;0,8888888888888888;0,7999999999999999;lof;20-95;MealPreparation;4
8;17;3;0;0,8928571428571429;0,7272727272727273;1,0;0,8421052631578948;lof;20-95;MealPreparation;5
8;16;3;1;0,8571428571428571;0,7272727272727273;0,8888888888888888;0,7999999999999999;lof;20-95;MealPreparation;6
8;16;3;1;0,8571428571428571;0,7272727272727273;0,8888888888888888;0,7999999999999999;lof;20-95;MealPreparation;7
8;15;3;2;0,8214285714285714;0,7272727272727273;0,8;0,761904761904762;lof;20-95;MealPreparation;8
3;8;8;9;0,39285714285714285;0,2727272727272727;0,25;0,2608695652173913;iforest;20-95;MealPreparation;1
3;9;8;8;0,42857142857142855;0,2727272727272727;0,2727272727272727;0,2727272727272727;iforest;20-95;MealPreparation;2
4;7;7;10;0,39285714285714285;0,36363636363636365;0,2857142857142857;0,32;iforest;20-95;MealPreparation;3
4;7;7;10;0,39285714285714285;0,36363636363636365;0,2857142857142857;0,32;iforest;20-95;MealPreparation;4
7;11;4;6;0,6428571428571429;0,6363636363636364;0,5384615384615384;0,5833333333333334;iforest;20-95;MealPreparation;5
6;13;5;4;0,6785714285714286;0,5454545454545454;0,6;0,5714285714285713;iforest;20-95;MealPreparation;6
5;16;6;1;0,75;0,45454545454545453;0,8333333333333334;0,5882352941176471;iforest;20-95;MealPreparation;7
5;15;6;2;0,7142857142857143;0,45454545454545453;0,7142857142857143;0,5555555555555556;iforest;20-95;MealPreparation;8
10;4;1;13;0,5;0,9090909090909091;0,43478260869565216;0,5882352941176471;rce;20-95;MealPreparation;1
8;9;3;8;0,6071428571428571;0,7272727272727273;0,5;0,5925925925925926;rce;20-95;MealPreparation;2
8;9;3;8;0,6071428571428571;0,7272727272727273;0,5;0,5925925925925926;rce;20-95;MealPreparation;3
8;10;3;7;0,6428571428571429;0,7272727272727273;0,5333333333333333;0,6153846153846153;rce;20-95;MealPreparation;4
8;11;3;6;0,6785714285714286;0,7272727272727273;0,5714285714285714;0,64;rce;20-95;MealPreparation;5
8;16;3;1;0,8571428571428571;0,7272727272727273;0,8888888888888888;0,7999999999999999;rce;20-95;MealPreparation;6
8;16;3;1;0,8571428571428571;0,7272727272727273;0,8888888888888888;0,7999999999999999;rce;20-95;MealPreparation;7
8;16;3;1;0,8571428571428571;0,7272727272727273;0,8888888888888888;0,7999999999999999;rce;20-95;MealPreparation;8
11;1;0;16;0,42857142857142855;1,0;0,4074074074074074;0,5789473684210525;ocsvm;20-95;Relax;1
11;7;0;10;0,6428571428571429;1,0;0,5238095238095238;0,6875000000000001;ocsvm;20-95;Relax;2
11;9;0;8;0,7142857142857143;1,0;0,5789473684210527;0,7333333333333334;ocsvm;20-95;Relax;3
11;11;0;6;0,7857142857142857;1,0;0,6470588235294118;0,7857142857142858;ocsvm;20-95;Relax;4
11;11;0;6;0,7857142857142857;1,0;0,6470588235294118;0,7857142857142858;ocsvm;20-95;Relax;5
11;12;0;5;0,8214285714285714;1,0;0,6875;0,8148148148148148;ocsvm;20-95;Relax;6
11;12;0;5;0,8214285714285714;1,0;0,6875;0,8148148148148148;ocsvm;20-95;Relax;7
11;12;0;5;0,8214285714285714;1,0;0,6875;0,8148148148148148;ocsvm;20-95;Relax;8
7;16;4;1;0,8214285714285714;0,6363636363636364;0,875;0,7368421052631579;lof;20-95;Relax;1
10;14;1;3;0,8571428571428571;0,9090909090909091;0,7692307692307693;0,8333333333333333;lof;20-95;Relax;2
10;16;1;1;0,9285714285714286;0,9090909090909091;0,9090909090909091;0,9090909090909091;lof;20-95;Relax;3
10;16;1;1;0,9285714285714286;0,9090909090909091;0,9090909090909091;0,9090909090909091;lof;20-95;Relax;4
10;16;1;1;0,9285714285714286;0,9090909090909091;0,9090909090909091;0,9090909090909091;lof;20-95;Relax;5
10;16;1;1;0,9285714285714286;0,9090909090909091;0,9090909090909091;0,9090909090909091;lof;20-95;Relax;6
10;13;1;4;0,8214285714285714;0,9090909090909091;0,7142857142857143;0,8;lof;20-95;Relax;7
10;13;1;4;0,8214285714285714;0,9090909090909091;0,7142857142857143;0,8;lof;20-95;Relax;8
2;16;9;1;0,6428571428571429;0,18181818181818182;0,6666666666666666;0,28571428571428575;iforest;20-95;Relax;1
11;9;0;8;0,7142857142857143;1,0;0,5789473684210527;0,7333333333333334;iforest;20-95;Relax;2
11;11;0;6;0,7857142857142857;1,0;0,6470588235294118;0,7857142857142858;iforest;20-95;Relax;3
11;10;0;7;0,75;1,0;0,6111111111111112;0,7586206896551725;iforest;20-95;Relax;4
11;10;0;7;0,75;1,0;0,6111111111111112;0,7586206896551725;iforest;20-95;Relax;5
10;10;1;7;0,7142857142857143;0,9090909090909091;0,5882352941176471;0,7142857142857143;iforest;20-95;Relax;6
10;10;1;7;0,7142857142857143;0,9090909090909091;0,5882352941176471;0,7142857142857143;iforest;20-95;Relax;7
11;9;0;8;0,7142857142857143;1,0;0,5789473684210527;0,7333333333333334;iforest;20-95;Relax;8
11;1;0;16;0,42857142857142855;1,0;0,4074074074074074;0,5789473684210525;rce;20-95;Relax;1
11;9;0;8;0,7142857142857143;1,0;0,5789473684210527;0,7333333333333334;rce;20-95;Relax;2
11;11;0;6;0,7857142857142857;1,0;0,6470588235294118;0,7857142857142858;rce;20-95;Relax;3
11;11;0;6;0,7857142857142857;1,0;0,6470588235294118;0,7857142857142858;rce;20-95;Relax;4
11;11;0;6;0,7857142857142857;1,0;0,6470588235294118;0,7857142857142858;rce;20-95;Relax;5
11;11;0;6;0,7857142857142857;1,0;0,6470588235294118;0,7857142857142858;rce;20-95;Relax;6
11;11;0;6;0,7857142857142857;1,0;0,6470588235294118;0,7857142857142858;rce;20-95;Relax;7
11;11;0;6;0,7857142857142857;1,0;0,6470588235294118;0,7857142857142858;rce;20-95;Relax;8
11;9;0;8;0,7142857142857143;1,0;0,5789473684210527;0,7333333333333334;ocsvm;20-95;Sleeping;1
11;11;0;6;0,7857142857142857;1,0;0,6470588235294118;0,7857142857142858;ocsvm;20-95;Sleeping;2
11;15;0;2;0,9285714285714286;1,0;0,8461538461538461;0,9166666666666666;ocsvm;20-95;Sleeping;3
11;15;0;2;0,9285714285714286;1,0;0,8461538461538461;0,9166666666666666;ocsvm;20-95;Sleeping;4
11;14;0;3;0,8928571428571429;1,0;0,7857142857142857;0,88;ocsvm;20-95;Sleeping;5
11;14;0;3;0,8928571428571429;1,0;0,7857142857142857;0,88;ocsvm;20-95;Sleeping;6
11;15;0;2;0,9285714285714286;1,0;0,8461538461538461;0,9166666666666666;ocsvm;20-95;Sleeping;7
11;15;0;2;0,9285714285714286;1,0;0,8461538461538461;0,9166666666666666;ocsvm;20-95;Sleeping;8
1;16;10;1;0,6071428571428571;0,09090909090909091;0,5;0,15384615384615385;lof;20-95;Sleeping;1
10;16;1;1;0,9285714285714286;0,9090909090909091;0,9090909090909091;0,9090909090909091;lof;20-95;Sleeping;2
11;16;0;1;0,9642857142857143;1,0;0,9166666666666666;0,9565217391304348;lof;20-95;Sleeping;3
11;16;0;1;0,9642857142857143;1,0;0,9166666666666666;0,9565217391304348;lof;20-95;Sleeping;4
11;15;0;2;0,9285714285714286;1,0;0,8461538461538461;0,9166666666666666;lof;20-95;Sleeping;5
11;15;0;2;0,9285714285714286;1,0;0,8461538461538461;0,9166666666666666;lof;20-95;Sleeping;6
11;13;0;4;0,8571428571428571;1,0;0,7333333333333333;0,846153846153846;lof;20-95;Sleeping;7
11;14;0;3;0,8928571428571429;1,0;0,7857142857142857;0,88;lof;20-95;Sleeping;8
8;13;3;4;0,75;0,7272727272727273;0,6666666666666666;0,6956521739130435;iforest;20-95;Sleeping;1
11;12;0;5;0,8214285714285714;1,0;0,6875;0,8148148148148148;iforest;20-95;Sleeping;2
11;16;0;1;0,9642857142857143;1,0;0,9166666666666666;0,9565217391304348;iforest;20-95;Sleeping;3
11;16;0;1;0,9642857142857143;1,0;0,9166666666666666;0,9565217391304348;iforest;20-95;Sleeping;4
11;16;0;1;0,9642857142857143;1,0;0,9166666666666666;0,9565217391304348;iforest;20-95;Sleeping;5
11;16;0;1;0,9642857142857143;1,0;0,9166666666666666;0,9565217391304348;iforest;20-95;Sleeping;6
11;15;0;2;0,9285714285714286;1,0;0,8461538461538461;0,9166666666666666;iforest;20-95;Sleeping;7
11;15;0;2;0,9285714285714286;1,0;0,8461538461538461;0,9166666666666666;iforest;20-95;Sleeping;8
11;15;0;2;0,9285714285714286;1,0;0,8461538461538461;0,9166666666666666;rce;20-95;Sleeping;1
11;15;0;2;0,9285714285714286;1,0;0,8461538461538461;0,9166666666666666;rce;20-95;Sleeping;2
9;16;2;1;0,8928571428571429;0,8181818181818182;0,9;0,8571428571428572;rce;20-95;Sleeping;3
11;16;0;1;0,9642857142857143;1,0;0,9166666666666666;0,9565217391304348;rce;20-95;Sleeping;4
11;15;0;2;0,9285714285714286;1,0;0,8461538461538461;0,9166666666666666;rce;20-95;Sleeping;5
11;15;0;2;0,9285714285714286;1,0;0,8461538461538461;0,9166666666666666;rce;20-95;Sleeping;6
11;14;0;3;0,8928571428571429;1,0;0,7857142857142857;0,88;rce;20-95;Sleeping;7
11;14;0;3;0,8928571428571429;1,0;0,7857142857142857;0,88;rce;20-95;Sleeping;8
