dia;dia_semana;fim_semana;no_atividade;atividade;duracao;frequencia;durfreq
1;0;0;1;Eating;4407;2;2203,5
1;0;0;2;Change clothes;1319;3;439,6666666666667
1;0;0;4;Washing hand/face;2971;10;297,1
1;0;0;7;Toileting;2840;6;473,3333333333333
1;0;0;13;Make coffee;1600;4;400,0
1;0;0;16;Make hot food;2684;1;2684,0
2;1;0;1;Eating;7409;3;2469,6666666666665
2;1;0;2;Change clothes;1242;3;414,0
2;1;0;4;Washing hand/face;2659;10;265,9
2;1;0;7;Toileting;1937;4;484,25
2;1;0;13;Make coffee;2122;5;424,4
2;1;0;16;Make hot food;4710;2;2355,0
3;2;0;1;Eating;3845;2;1922,5
3;2;0;2;Change clothes;1513;3;504,3333333333333
3;2;0;4;Washing hand/face;2359;8;294,875
3;2;0;7;Toileting;2800;7;400,0
3;2;0;13;Make coffee;1157;3;385,6666666666667
3;2;0;16;Make hot food;6173;2;3086,5
4;3;0;1;Eating;7010;3;2336,6666666666665
4;3;0;2;Change clothes;959;2;479,5
4;3;0;4;Washing hand/face;2862;11;260,1818181818182
4;3;0;7;Toileting;2401;5;480,2
4;3;0;13;Make coffee;1400;3;466,6666666666667
4;3;0;16;Make hot food;5820;2;2910,0
5;4;0;1;Eating;8027;3;2675,6666666666665
5;4;0;2;Change clothes;947;2;473,5
5;4;0;4;Washing hand/face;1066;4;266,5
5;4;0;7;Toileting;1429;3;476,3333333333333
5;4;0;13;Make coffee;846;2;423,0
5;4;0;16;Make hot food;5823;2;2911,5
6;5;1;1;Eating;8370;3;2790,0
6;5;1;2;Change clothes;918;2;459,0
6;5;1;4;Washing hand/face;2295;8;286,875
6;5;1;7;Toileting;1068;3;356,0
6;5;1;13;Make coffee;1543;3;514,3333333333334
6;5;1;16;Make hot food;4140;2;2070,0
7;6;1;1;Eating;8456;3;2818,6666666666665
7;6;1;2;Change clothes;900;2;450,0
7;6;1;4;Washing hand/face;2556;9;284,0
7;6;1;7;Toileting;2082;5;416,4
7;6;1;13;Make coffee;1506;3;502,0
7;6;1;16;Make hot food;5268;2;2634,0
8;0;0;1;Eating;5085;2;2542,5
8;0;0;2;Change clothes;898;2;449,0
8;0;0;4;Washing hand/face;2662;10;266,2
8;0;0;7;Toileting;2121;5;424,2
8;0;0;13;Make coffee;1641;3;547,0
8;0;0;16;Make hot food;2533;1;2533,0
9;1;0;1;Eating;7830;3;2610,0
9;1;0;2;Change clothes;877;2;438,5
9;1;0;4;Washing hand/face;2133;7;304,7142857142857
9;1;0;7;Toileting;2615;5;523,0
9;1;0;13;Make coffee;825;2;412,5
9;1;0;16;Make hot food;5433;2;2716,5
10;2;0;1;Eating;4604;2;2302,0
10;2;0;2;Change clothes;1107;2;553,5
10;2;0;4;Washing hand/face;1615;6;269,1666666666667
10;2;0;7;Toileting;1373;3;457,6666666666667
10;2;0;13;Make coffee;860;2;430,0
10;2;0;16;Make hot food;4755;2;2377,5
11;3;0;1;Eating;5026;2;2513,0
11;3;0;2;Change clothes;1825;4;456,25
11;3;0;4;Washing hand/face;1661;6;276,8333333333333
11;3;0;7;Toileting;1652;4;413,0
11;3;0;13;Make coffee;1274;3;424,6666666666667
11;3;0;16;Make hot food;3122;1;3122,0
12;4;0;1;Eating;7912;3;2637,3333333333335
12;4;0;2;Change clothes;394;1;394,0
12;4;0;4;Washing hand/face;2769;10;276,9
12;4;0;7;Toileting;2533;6;422,1666666666667
12;4;0;13;Make coffee;586;1;586,0
12;4;0;16;Make hot food;6055;2;3027,5
13;5;1;1;Eating;7297;3;2432,3333333333335
13;5;1;2;Change clothes;1346;3;448,6666666666667
13;5;1;4;Washing hand/face;1458;6;243,0
13;5;1;7;Toileting;1032;2;516,0
13;5;1;13;Make coffee;821;2;410,5
13;5;1;16;Make hot food;4535;2;2267,5
14;6;1;1;Eating;7075;3;2358,3333333333335
14;6;1;2;Change clothes;1187;3;395,6666666666667
14;6;1;4;Washing hand/face;1787;7;255,28571428571428
14;6;1;7;Toileting;1556;3;518,6666666666666
14;6;1;13;Make coffee;759;2;379,5
14;6;1;16;Make hot food;6387;2;3193,5
15;0;0;1;Eating;4842;2;2421,0
15;0;0;2;Change clothes;1208;3;402,6666666666667
15;0;0;4;Washing hand/face;1058;4;264,5
15;0;0;7;Toileting;2230;5;446,0
15;0;0;13;Make coffee;805;2;402,5
15;0;0;16;Make hot food;2105;1;2105,0
16;1;0;1;Eating;7634;3;2544,6666666666665
16;1;0;2;Change clothes;550;1;550,0
16;1;0;4;Washing hand/face;2497;10;249,7
16;1;0;7;Toileting;2341;5;468,2
16;1;0;13;Make coffee;1876;5;375,2
16;1;0;16;Make hot food;5088;2;2544,0
17;2;0;1;Eating;3131;2;1565,5
17;2;0;2;Change clothes;1060;2;530,0
17;2;0;4;Washing hand/face;1759;6;293,1666666666667
17;2;0;7;Toileting;2462;5;492,4
17;2;0;13;Make coffee;1737;4;434,25
17;2;0;16;Make hot food;6640;2;3320,0
18;3;0;1;Eating;7733;3;2577,6666666666665
18;3;0;2;Change clothes;1783;4;445,75
18;3;0;4;Washing hand/face;1371;6;228,5
18;3;0;7;Toileting;1408;4;352,0
18;3;0;13;Make coffee;1546;3;515,3333333333334
18;3;0;16;Make hot food;5422;2;2711,0
19;4;0;1;Eating;4011;2;2005,5
19;4;0;2;Change clothes;950;2;475,0
19;4;0;4;Washing hand/face;2556;10;255,6
19;4;0;7;Toileting;1858;4;464,5
19;4;0;13;Make coffee;1181;2;590,5
19;4;0;16;Make hot food;3047;1;3047,0
20;5;1;1;Eating;3820;2;1910,0
20;5;1;2;Change clothes;1622;3;540,6666666666666
20;5;1;4;Washing hand/face;1724;6;287,3333333333333
20;5;1;7;Toileting;2030;4;507,5
20;5;1;13;Make coffee;1853;4;463,25
20;5;1;16;Make hot food;2828;1;2828,0
21;6;1;1;Eating;3789;2;1894,5
21;6;1;2;Change clothes;1654;3;551,3333333333334
21;6;1;4;Washing hand/face;1186;4;296,5
21;6;1;7;Toileting;410;1;410,0
21;6;1;13;Make coffee;831;2;415,5
21;6;1;16;Make hot food;2365;1;2365,0
22;0;0;1;Eating;3829;2;1914,5
22;0;0;2;Change clothes;1263;3;421,0
22;0;0;4;Washing hand/face;1866;7;266,57142857142856
22;0;0;7;Toileting;1374;3;458,0
22;0;0;13;Make coffee;1603;3;534,3333333333334
22;0;0;16;Make hot food;5886;2;2943,0
23;1;0;1;Eating;11148;4;2787,0
23;1;0;2;Change clothes;1809;4;452,25
23;1;0;4;Washing hand/face;2224;8;278,0
23;1;0;7;Toileting;2079;4;519,75
23;1;0;13;Make coffee;919;2;459,5
23;1;0;16;Make hot food;2664;1;2664,0
24;2;0;1;Eating;8878;3;2959,3333333333335
24;2;0;2;Change clothes;394;1;394,0
24;2;0;4;Washing hand/face;2569;10;256,9
24;2;0;7;Toileting;2807;5;561,4
24;2;0;13;Make coffee;1212;3;404,0
24;2;0;16;Make hot food;4002;2;2001,0
25;3;0;1;Eating;8383;3;2794,3333333333335
25;3;0;2;Change clothes;1488;3;496,0
25;3;0;4;Washing hand/face;1362;5;272,4
25;3;0;7;Toileting;1084;3;361,3333333333333
25;3;0;13;Make coffee;1200;3;400,0
25;3;0;16;Make hot food;5163;2;2581,5
26;4;0;1;Eating;8189;3;2729,6666666666665
26;4;0;2;Change clothes;970;2;485,0
26;4;0;4;Washing hand/face;1898;7;271,14285714285717
26;4;0;7;Toileting;2323;5;464,6
26;4;0;13;Make coffee;547;1;547,0
26;4;0;16;Make hot food;5021;2;2510,5
27;5;1;1;Eating;8466;3;2822,0
27;5;1;2;Change clothes;763;2;381,5
27;5;1;4;Washing hand/face;1148;5;229,6
27;5;1;7;Toileting;976;2;488,0
27;5;1;13;Make coffee;1331;3;443,6666666666667
27;5;1;16;Make hot food;5040;2;2520,0
28;6;1;1;Eating;7869;3;2623,0
28;6;1;2;Change clothes;1105;3;368,3333333333333
28;6;1;4;Washing hand/face;1552;7;221,71428571428572
28;6;1;7;Toileting;781;2;390,5
28;6;1;13;Make coffee;920;2;460,0
28;6;1;16;Make hot food;5303;2;2651,5
29;0;0;1;Eating;7503;3;2501,0
29;0;0;2;Change clothes;826;2;413,0
29;0;0;4;Washing hand/face;1904;7;272,0
29;0;0;7;Toileting;2220;5;444,0
29;0;0;13;Make coffee;1219;3;406,3333333333333
29;0;0;16;Make hot food;5828;2;2914,0
30;1;0;1;Eating;3805;2;1902,5
30;1;0;2;Change clothes;1197;3;399,0
30;1;0;4;Washing hand/face;1587;6;264,5
30;1;0;7;Toileting;1994;5;398,8
30;1;0;13;Make coffee;1149;2;574,5
30;1;0;16;Make hot food;3324;1;3324,0
31;2;0;1;Eating;8476;3;2825,3333333333335
31;2;0;2;Change clothes;888;2;444,0
31;2;0;4;Washing hand/face;2069;8;258,625
31;2;0;7;Toileting;1565;4;391,25
31;2;0;13;Make coffee;1076;2;538,0
31;2;0;16;Make hot food;4584;2;2292,0
32;3;0;1;Eating;8232;3;2744,0
32;3;0;2;Change clothes;826;2;413,0
32;3;0;4;Washing hand/face;1574;6;262,3333333333333
32;3;0;7;Toileting;1932;4;483,0
32;3;0;13;Make coffee;1028;2;514,0
32;3;0;16;Make hot food;6592;2;3296,0
33;4;0;1;Eating;8686;3;2895,3333333333335
33;4;0;2;Change clothes;866;2;433,0
33;4;0;4;Washing hand/face;1654;6;275,6666666666667
33;4;0;7;Toileting;1533;3;511,0
33;4;0;13;Make coffee;326;1;326,0
33;4;0;16;Make hot food;6264;2;3132,0
34;5;1;1;Eating;7071;3;2357,0
34;5;1;2;Change clothes;1617;4;404,25
34;5;1;4;Washing hand/face;1858;7;265,42857142857144
34;5;1;7;Toileting;2341;5;468,2
34;5;1;13;Make coffee;1431;3;477,0
34;5;1;16;Make hot food;2449;1;2449,0
35;6;1;1;Eating;8486;3;2828,6666666666665
35;6;1;2;Change clothes;1163;3;387,6666666666667
35;6;1;4;Washing hand/face;1954;7;279,14285714285717
35;6;1;7;Toileting;778;2;389,0
35;6;1;13;Make coffee;358;1;358,0
35;6;1;16;Make hot food;6489;2;3244,5
36;0;0;1;Eating;8288;3;2762,6666666666665
36;0;0;2;Change clothes;931;2;465,5
36;0;0;4;Washing hand/face;2366;8;295,75
36;0;0;7;Toileting;3353;8;419,125
36;0;0;13;Make coffee;1306;3;435,3333333333333
36;0;0;16;Make hot food;5252;2;2626,0
37;1;0;1;Eating;6692;3;2230,6666666666665
37;1;0;2;Change clothes;827;2;413,5
37;1;0;4;Washing hand/face;2436;11;221,45454545454547
37;1;0;7;Toileting;3613;8;451,625
37;1;0;13;Make coffee;1765;4;441,25
37;1;0;16;Make hot food;5429;2;2714,5
38;2;0;1;Eating;8477;3;2825,6666666666665
38;2;0;2;Change clothes;581;1;581,0
38;2;0;4;Washing hand/face;3203;12;266,9166666666667
38;2;0;7;Toileting;2456;6;409,3333333333333
38;2;0;13;Make coffee;912;2;456,0
38;2;0;16;Make hot food;6036;2;3018,0
39;3;0;1;Eating;7719;3;2573,0
39;3;0;2;Change clothes;1337;3;445,6666666666667
39;3;0;4;Washing hand/face;1438;5;287,6
39;3;0;7;Toileting;1269;3;423,0
39;3;0;13;Make coffee;1261;3;420,3333333333333
39;3;0;16;Make hot food;5946;2;2973,0
40;4;0;1;Eating;3852;2;1926,0
40;4;0;2;Change clothes;403;1;403,0
40;4;0;4;Washing hand/face;1525;6;254,16666666666666
40;4;0;7;Toileting;2064;5;412,8
40;4;0;13;Make coffee;852;2;426,0
40;4;0;16;Make hot food;3208;1;3208,0
41;5;1;1;Eating;7604;3;2534,6666666666665
41;5;1;2;Change clothes;2410;5;482,0
41;5;1;4;Washing hand/face;938;4;234,5
41;5;1;7;Toileting;1831;4;457,75
41;5;1;13;Make coffee;1934;4;483,5
41;5;1;16;Make hot food;5797;2;2898,5
42;6;1;1;Eating;7224;3;2408,0
42;6;1;2;Change clothes;1472;3;490,6666666666667
42;6;1;4;Washing hand/face;2546;9;282,8888888888889
42;6;1;7;Toileting;1587;4;396,75
42;6;1;13;Make coffee;837;2;418,5
42;6;1;16;Make hot food;3930;2;1965,0
43;0;0;1;Eating;4245;2;2122,5
43;0;0;2;Change clothes;1305;3;435,0
43;0;0;4;Washing hand/face;1734;7;247,71428571428572
43;0;0;7;Toileting;929;2;464,5
43;0;0;13;Make coffee;364;1;364,0
43;0;0;16;Make hot food;5024;2;2512,0
44;1;0;1;Eating;7267;3;2422,3333333333335
44;1;0;2;Change clothes;924;2;462,0
44;1;0;4;Washing hand/face;2844;10;284,4
44;1;0;7;Toileting;2226;5;445,2
44;1;0;13;Make coffee;1878;4;469,5
44;1;0;16;Make hot food;4999;2;2499,5
45;2;0;1;Eating;4296;2;2148,0
45;2;0;2;Change clothes;1168;3;389,3333333333333
45;2;0;4;Washing hand/face;2691;10;269,1
45;2;0;7;Toileting;2620;5;524,0
45;2;0;13;Make coffee;1972;4;493,0
45;2;0;16;Make hot food;3569;1;3569,0
46;3;0;1;Eating;7307;3;2435,6666666666665
46;3;0;2;Change clothes;860;2;430,0
46;3;0;4;Washing hand/face;2431;10;243,1
46;3;0;7;Toileting;3664;7;523,4285714285714
46;3;0;13;Make coffee;2361;5;472,2
46;3;0;16;Make hot food;4987;2;2493,5
47;4;0;1;Eating;7043;3;2347,6666666666665
47;4;0;2;Change clothes;1045;2;522,5
47;4;0;4;Washing hand/face;2292;9;254,66666666666666
47;4;0;7;Toileting;2249;5;449,8
47;4;0;13;Make coffee;1989;4;497,25
47;4;0;16;Make hot food;4680;2;2340,0
48;5;1;1;Eating;4323;2;2161,5
48;5;1;2;Change clothes;2314;5;462,8
48;5;1;4;Washing hand/face;1856;7;265,14285714285717
48;5;1;7;Toileting;1956;4;489,0
48;5;1;13;Make coffee;1023;2;511,5
48;5;1;16;Make hot food;3407;1;3407,0
49;6;1;1;Eating;7565;3;2521,6666666666665
49;6;1;2;Change clothes;637;2;318,5
49;6;1;4;Washing hand/face;2426;9;269,55555555555554
49;6;1;7;Toileting;2063;5;412,6
49;6;1;13;Make coffee;1529;3;509,6666666666667
49;6;1;16;Make hot food;6347;2;3173,5
50;0;0;1;Eating;7978;3;2659,3333333333335
50;0;0;2;Change clothes;1510;3;503,3333333333333
50;0;0;4;Washing hand/face;1648;6;274,6666666666667
50;0;0;7;Toileting;1683;4;420,75
50;0;0;13;Make coffee;1298;3;432,6666666666667
50;0;0;16;Make hot food;5011;2;2505,5
51;1;0;1;Eating;7147;3;2382,3333333333335
51;1;0;2;Change clothes;948;2;474,0
51;1;0;4;Washing hand/face;2127;8;265,875
51;1;0;7;Toileting;2273;5;454,6
51;1;0;13;Make coffee;788;2;394,0
51;1;0;16;Make hot food;5125;2;2562,5
52;2;0;1;Eating;4722;2;2361,0
52;2;0;2;Change clothes;1552;3;517,3333333333334
52;2;0;4;Washing hand/face;1317;4;329,25
52;2;0;7;Toileting;1161;3;387,0
52;2;0;13;Make coffee;2265;5;453,0
52;2;0;16;Make hot food;3294;1;3294,0
53;3;0;1;Eating;8132;3;2710,6666666666665
53;3;0;2;Change clothes;958;2;479,0
53;3;0;4;Washing hand/face;1848;7;264,0
53;3;0;7;Toileting;3297;7;471,0
53;3;0;13;Make coffee;390;1;390,0
53;3;0;16;Make hot food;5344;2;2672,0
54;4;0;1;Eating;4116;2;2058,0
54;4;0;2;Change clothes;972;2;486,0
54;4;0;4;Washing hand/face;1399;5;279,8
54;4;0;7;Toileting;1914;4;478,5
54;4;0;13;Make coffee;909;2;454,5
54;4;0;16;Make hot food;3042;1;3042,0
55;5;1;1;Eating;3593;2;1796,5
55;5;1;2;Change clothes;1589;3;529,6666666666666
55;5;1;4;Washing hand/face;1731;7;247,28571428571428
55;5;1;7;Toileting;1102;3;367,3333333333333
55;5;1;13;Make coffee;802;2;401,0
55;5;1;16;Make hot food;3234;1;3234,0
56;6;1;1;Eating;7603;3;2534,3333333333335
56;6;1;2;Change clothes;673;2;336,5
56;6;1;4;Washing hand/face;1821;7;260,14285714285717
56;6;1;7;Toileting;1769;4;442,25
56;6;1;13;Make coffee;588;1;588,0
56;6;1;16;Make hot food;5238;2;2619,0
57;0;0;1;Eating;6929;3;2309,6666666666665
57;0;0;2;Change clothes;566;1;566,0
57;0;0;4;Washing hand/face;2302;8;287,75
57;0;0;7;Toileting;874;2;437,0
57;0;0;13;Make coffee;1009;3;336,3333333333333
57;0;0;16;Make hot food;5782;2;2891,0
58;1;0;1;Eating;8393;3;2797,6666666666665
58;1;0;2;Change clothes;1404;3;468,0
58;1;0;4;Washing hand/face;1152;4;288,0
58;1;0;7;Toileting;1844;4;461,0
58;1;0;13;Make coffee;1108;2;554,0
58;1;0;16;Make hot food;4574;2;2287,0
59;2;0;1;Eating;4519;2;2259,5
59;2;0;2;Change clothes;980;2;490,0
59;2;0;4;Washing hand/face;1729;6;288,1666666666667
59;2;0;7;Toileting;1472;3;490,6666666666667
59;2;0;13;Make coffee;1726;3;575,3333333333334
59;2;0;16;Make hot food;2490;1;2490,0
60;3;0;1;Eating;3131;2;1565,5
60;3;0;2;Change clothes;1381;3;460,3333333333333
60;3;0;4;Washing hand/face;1712;6;285,3333333333333
60;3;0;7;Toileting;1826;4;456,5
60;3;0;13;Make coffee;1275;3;425,0
60;3;0;16;Make hot food;2087;1;2087,0
61;4;0;1;Eating;8772;3;2924,0
61;4;0;2;Change clothes;1138;2;569,0
61;4;0;4;Washing hand/face;2353;9;261,44444444444446
61;4;0;7;Toileting;1968;5;393,6
61;4;0;13;Make coffee;1457;3;485,6666666666667
61;4;0;16;Make hot food;5366;2;2683,0
62;5;1;1;Eating;3726;2;1863,0
62;5;1;2;Change clothes;1061;2;530,5
62;5;1;4;Washing hand/face;2159;8;269,875
62;5;1;7;Toileting;2243;5;448,6
62;5;1;13;Make coffee;1065;2;532,5
62;5;1;16;Make hot food;2908;1;2908,0
63;6;1;1;Eating;7029;3;2343,0
63;6;1;2;Change clothes;1036;2;518,0
63;6;1;4;Washing hand/face;2075;8;259,375
63;6;1;7;Toileting;1857;5;371,4
63;6;1;13;Make coffee;1581;3;527,0
63;6;1;16;Make hot food;5307;2;2653,5
64;0;0;1;Eating;8067;3;2689,0
64;0;0;2;Change clothes;1020;2;510,0
64;0;0;4;Washing hand/face;1998;7;285,42857142857144
64;0;0;7;Toileting;1352;3;450,6666666666667
64;0;0;13;Make coffee;2038;5;407,6
64;0;0;16;Make hot food;5474;2;2737,0
65;1;0;1;Eating;4785;2;2392,5
65;1;0;2;Change clothes;836;2;418,0
65;1;0;4;Washing hand/face;3382;13;260,15384615384613
65;1;0;7;Toileting;2961;6;493,5
65;1;0;13;Make coffee;780;2;390,0
65;1;0;16;Make hot food;2819;1;2819,0
66;2;0;1;Eating;7065;3;2355,0
66;2;0;2;Change clothes;1266;3;422,0
66;2;0;4;Washing hand/face;2036;7;290,85714285714283
66;2;0;7;Toileting;2991;6;498,5
66;2;0;13;Make coffee;1608;4;402,0
66;2;0;16;Make hot food;4707;2;2353,5
67;3;0;1;Eating;7702;3;2567,3333333333335
67;3;0;2;Change clothes;1373;3;457,6666666666667
67;3;0;4;Washing hand/face;3018;11;274,3636363636364
67;3;0;7;Toileting;1319;3;439,6666666666667
67;3;0;13;Make coffee;1542;3;514,0
67;3;0;16;Make hot food;5611;2;2805,5
68;4;0;1;Eating;8062;3;2687,3333333333335
68;4;0;2;Change clothes;907;2;453,5
68;4;0;4;Washing hand/face;2536;10;253,6
68;4;0;7;Toileting;3015;7;430,7142857142857
68;4;0;13;Make coffee;1281;3;427,0
68;4;0;16;Make hot food;5051;2;2525,5
69;5;1;1;Eating;8014;3;2671,3333333333335
69;5;1;2;Change clothes;722;2;361,0
69;5;1;4;Washing hand/face;2948;11;268,0
69;5;1;7;Toileting;2266;5;453,2
69;5;1;13;Make coffee;2236;5;447,2
69;5;1;16;Make hot food;5433;2;2716,5
70;6;1;1;Eating;8015;3;2671,6666666666665
70;6;1;2;Change clothes;1215;3;405,0
70;6;1;4;Washing hand/face;1784;7;254,85714285714286
70;6;1;7;Toileting;1319;3;439,6666666666667
70;6;1;13;Make coffee;1042;2;521,0
70;6;1;16;Make hot food;5119;2;2559,5
71;0;0;1;Eating;7305;3;2435,0
71;0;0;2;Change clothes;746;2;373,0
71;0;0;4;Washing hand/face;1793;7;256,14285714285717
71;0;0;7;Toileting;1750;4;437,5
71;0;0;13;Make coffee;1845;5;369,0
71;0;0;16;Make hot food;2110;1;2110,0
72;1;0;1;Eating;4584;2;2292,0
72;1;0;2;Change clothes;1367;3;455,6666666666667
72;1;0;4;Washing hand/face;2310;9;256,6666666666667
72;1;0;7;Toileting;1566;4;391,5
72;1;0;13;Make coffee;1364;3;454,6666666666667
72;1;0;16;Make hot food;4206;2;2103,0
73;2;0;1;Eating;8480;3;2826,6666666666665
73;2;0;2;Change clothes;1573;3;524,3333333333334
73;2;0;4;Washing hand/face;1870;7;267,14285714285717
73;2;0;7;Toileting;2420;5;484,0
73;2;0;13;Make coffee;1156;3;385,3333333333333
73;2;0;16;Make hot food;5605;2;2802,5
74;3;0;1;Eating;7926;3;2642,0
74;3;0;2;Change clothes;836;2;418,0
74;3;0;4;Washing hand/face;2591;11;235,54545454545453
74;3;0;7;Toileting;3090;7;441,42857142857144
74;3;0;13;Make coffee;1435;3;478,3333333333333
74;3;0;16;Make hot food;4342;2;2171,0
75;4;0;1;Eating;7154;3;2384,6666666666665
75;4;0;2;Change clothes;982;2;491,0
75;4;0;4;Washing hand/face;1314;5;262,8
75;4;0;7;Toileting;1460;3;486,6666666666667
75;4;0;13;Make coffee;502;1;502,0
75;4;0;16;Make hot food;5733;2;2866,5
76;5;1;1;Eating;8269;3;2756,3333333333335
76;5;1;2;Change clothes;1555;3;518,3333333333334
76;5;1;4;Washing hand/face;2096;8;262,0
76;5;1;7;Toileting;1039;2;519,5
76;5;1;13;Make coffee;1479;3;493,0
76;5;1;16;Make hot food;4807;2;2403,5
77;6;1;1;Eating;8022;3;2674,0
77;6;1;2;Change clothes;1962;4;490,5
77;6;1;4;Washing hand/face;1846;7;263,7142857142857
77;6;1;7;Toileting;2369;5;473,8
77;6;1;13;Make coffee;810;2;405,0
77;6;1;16;Make hot food;4595;2;2297,5
78;0;0;1;Eating;4329;2;2164,5
78;0;0;2;Change clothes;1828;4;457,0
78;0;0;4;Washing hand/face;1566;6;261,0
78;0;0;7;Toileting;1772;4;443,0
78;0;0;13;Make coffee;1387;3;462,3333333333333
78;0;0;16;Make hot food;3252;1;3252,0
79;1;0;1;Eating;4048;2;2024,0
79;1;0;2;Change clothes;1545;3;515,0
79;1;0;4;Washing hand/face;2034;8;254,25
79;1;0;7;Toileting;1164;3;388,0
79;1;0;13;Make coffee;1525;3;508,3333333333333
79;1;0;16;Make hot food;2256;1;2256,0
80;2;0;1;Eating;7561;3;2520,3333333333335
80;2;0;2;Change clothes;982;2;491,0
80;2;0;4;Washing hand/face;3265;11;296,8181818181818
80;2;0;7;Toileting;3276;8;409,5
80;2;0;13;Make coffee;998;2;499,0
80;2;0;16;Make hot food;6625;2;3312,5
81;3;0;1;Eating;5025;2;2512,5
81;3;0;2;Change clothes;743;2;371,5
81;3;0;4;Washing hand/face;1576;6;262,6666666666667
81;3;0;7;Toileting;2639;6;439,8333333333333
81;3;0;13;Make coffee;850;2;425,0
81;3;0;16;Make hot food;5549;2;2774,5
82;4;0;1;Eating;7242;3;2414,0
82;4;0;2;Change clothes;913;2;456,5
82;4;0;4;Washing hand/face;2712;9;301,3333333333333
82;4;0;7;Toileting;2574;5;514,8
82;4;0;13;Make coffee;810;2;405,0
82;4;0;16;Make hot food;5732;2;2866,0
83;5;1;1;Eating;8845;3;2948,3333333333335
83;5;1;2;Change clothes;965;2;482,5
83;5;1;4;Washing hand/face;1441;5;288,2
83;5;1;7;Toileting;1693;4;423,25
83;5;1;13;Make coffee;1542;4;385,5
83;5;1;16;Make hot food;6254;2;3127,0
84;6;1;1;Eating;6998;3;2332,6666666666665
84;6;1;2;Change clothes;1119;3;373,0
84;6;1;4;Washing hand/face;2518;9;279,77777777777777
84;6;1;7;Toileting;878;2;439,0
84;6;1;13;Make coffee;1572;3;524,0
84;6;1;16;Make hot food;5804;2;2902,0
85;0;0;1;Eating;4008;2;2004,0
85;0;0;2;Change clothes;1235;3;411,6666666666667
85;0;0;4;Washing hand/face;1911;7;273,0
85;0;0;7;Toileting;2268;5;453,6
85;0;0;13;Make coffee;584;1;584,0
85;0;0;16;Make hot food;3313;1;3313,0
86;1;0;1;Eating;7589;3;2529,6666666666665
86;1;0;2;Change clothes;370;1;370,0
86;1;0;4;Washing hand/face;2352;8;294,0
86;1;0;7;Toileting;2674;6;445,6666666666667
86;1;0;13;Make coffee;1128;3;376,0
86;1;0;16;Make hot food;5864;2;2932,0
87;2;0;1;Eating;7848;3;2616,0
87;2;0;2;Change clothes;1412;3;470,6666666666667
87;2;0;4;Washing hand/face;1995;7;285,0
87;2;0;7;Toileting;1938;4;484,5
87;2;0;13;Make coffee;730;2;365,0
87;2;0;16;Make hot food;4646;2;2323,0
88;3;0;1;Eating;5106;2;2553,0
88;3;0;2;Change clothes;969;2;484,5
88;3;0;4;Washing hand/face;2762;9;306,8888888888889
88;3;0;7;Toileting;2390;5;478,0
88;3;0;13;Make coffee;525;1;525,0
88;3;0;16;Make hot food;3583;1;3583,0
89;4;0;1;Eating;7023;3;2341,0
89;4;0;2;Change clothes;911;2;455,5
89;4;0;4;Washing hand/face;1801;7;257,2857142857143
89;4;0;7;Toileting;2110;5;422,0
89;4;0;13;Make coffee;1300;3;433,3333333333333
89;4;0;16;Make hot food;6220;2;3110,0
90;5;1;1;Eating;7648;3;2549,3333333333335
90;5;1;2;Change clothes;920;2;460,0
90;5;1;4;Washing hand/face;1611;6;268,5
90;5;1;7;Toileting;2130;5;426,0
90;5;1;13;Make coffee;1077;2;538,5
90;5;1;16;Make hot food;5643;2;2821,5
91;6;1;1;Eating;7447;3;2482,3333333333335
91;6;1;2;Change clothes;1046;2;523,0
91;6;1;4;Washing hand/face;1540;6;256,6666666666667
91;6;1;7;Toileting;2188;5;437,6
91;6;1;13;Make coffee;1000;2;500,0
91;6;1;16;Make hot food;4025;2;2012,5
92;0;0;1;Eating;7584;3;2528,0
92;0;0;2;Change clothes;1144;3;381,3333333333333
92;0;0;4;Washing hand/face;2899;11;263,54545454545456
92;0;0;7;Toileting;3049;7;435,57142857142856
92;0;0;13;Make coffee;1390;4;347,5
92;0;0;16;Make hot food;5080;2;2540,0
93;1;0;1;Eating;7493;3;2497,6666666666665
93;1;0;2;Change clothes;1385;3;461,6666666666667
93;1;0;4;Washing hand/face;1742;7;248,85714285714286
93;1;0;7;Toileting;1350;3;450,0
93;1;0;13;Make coffee;1663;4;415,75
93;1;0;16;Make hot food;6114;2;3057,0
94;2;0;1;Eating;8029;3;2676,3333333333335
94;2;0;2;Change clothes;1776;4;444,0
94;2;0;4;Washing hand/face;2247;9;249,66666666666666
94;2;0;7;Toileting;1893;4;473,25
94;2;0;13;Make coffee;1191;3;397,0
94;2;0;16;Make hot food;7005;2;3502,5
95;3;0;1;Eating;7798;3;2599,3333333333335
95;3;0;2;Change clothes;1684;3;561,3333333333334
95;3;0;4;Washing hand/face;2703;10;270,3
95;3;0;7;Toileting;2529;6;421,5
95;3;0;13;Make coffee;1161;3;387,0
95;3;0;16;Make hot food;4375;2;2187,5
96;4;0;1;Eating;5054;2;2527,0
96;4;0;2;Change clothes;1562;3;520,6666666666666
96;4;0;4;Washing hand/face;1780;6;296,6666666666667
96;4;0;7;Toileting;1213;3;404,3333333333333
96;4;0;13;Make coffee;1318;3;439,3333333333333
96;4;0;16;Make hot food;3155;1;3155,0
97;5;1;1;Eating;7527;3;2509,0
97;5;1;2;Change clothes;841;2;420,5
97;5;1;4;Washing hand/face;2234;9;248,22222222222223
97;5;1;7;Toileting;2098;5;419,6
97;5;1;13;Make coffee;1812;4;453,0
97;5;1;16;Make hot food;5935;2;2967,5
98;6;1;1;Eating;3896;2;1948,0
98;6;1;2;Change clothes;1971;4;492,75
98;6;1;4;Washing hand/face;2203;8;275,375
98;6;1;7;Toileting;2473;5;494,6
98;6;1;13;Make coffee;701;2;350,5
98;6;1;16;Make hot food;5977;2;2988,5
99;0;0;1;Eating;3609;2;1804,5
99;0;0;2;Change clothes;1110;2;555,0
99;0;0;4;Washing hand/face;2450;9;272,22222222222223
99;0;0;7;Toileting;2270;5;454,0
99;0;0;13;Make coffee;1269;3;423,0
99;0;0;16;Make hot food;3370;1;3370,0
100;1;0;1;Eating;8392;3;2797,3333333333335
100;1;0;2;Change clothes;872;2;436,0
100;1;0;4;Washing hand/face;2596;9;288,44444444444446
100;1;0;7;Toileting;2414;5;482,8
100;1;0;13;Make coffee;1530;3;510,0
100;1;0;16;Make hot food;4418;2;2209,0
101;2;0;1;Eating;6949;3;2316,3333333333335
101;2;0;2;Change clothes;898;2;449,0
101;2;0;4;Washing hand/face;2464;8;308,0
101;2;0;7;Toileting;1480;3;493,3333333333333
101;2;0;13;Make coffee;2099;4;524,75
101;2;0;16;Make hot food;5879;2;2939,5
102;3;0;1;Eating;7287;3;2429,0
102;3;0;2;Change clothes;926;2;463,0
102;3;0;4;Washing hand/face;1319;5;263,8
102;3;0;7;Toileting;2485;5;497,0
102;3;0;13;Make coffee;1278;3;426,0
102;3;0;16;Make hot food;5383;2;2691,5
103;4;0;1;Eating;5060;2;2530,0
103;4;0;2;Change clothes;1649;3;549,6666666666666
103;4;0;4;Washing hand/face;1526;6;254,33333333333334
103;4;0;7;Toileting;741;2;370,5
103;4;0;13;Make coffee;914;2;457,0
103;4;0;16;Make hot food;3544;1;3544,0
104;5;1;1;Eating;7452;3;2484,0
104;5;1;2;Change clothes;959;2;479,5
104;5;1;4;Washing hand/face;2020;8;252,5
104;5;1;7;Toileting;2175;4;543,75
104;5;1;13;Make coffee;1083;2;541,5
104;5;1;16;Make hot food;6443;2;3221,5
105;6;1;1;Eating;3809;2;1904,5
105;6;1;2;Change clothes;1925;4;481,25
105;6;1;4;Washing hand/face;579;3;193,0
105;6;1;7;Toileting;584;1;584,0
105;6;1;13;Make coffee;972;2;486,0
105;6;1;16;Make hot food;3125;1;3125,0
106;0;0;1;Eating;7603;3;2534,3333333333335
106;0;0;2;Change clothes;1115;3;371,6666666666667
106;0;0;4;Washing hand/face;1473;6;245,5
106;0;0;7;Toileting;2681;6;446,8333333333333
106;0;0;13;Make coffee;1886;4;471,5
106;0;0;16;Make hot food;4072;2;2036,0
107;1;0;1;Eating;7714;3;2571,3333333333335
107;1;0;2;Change clothes;908;2;454,0
107;1;0;4;Washing hand/face;2724;10;272,4
107;1;0;7;Toileting;2517;5;503,4
107;1;0;13;Make coffee;1258;3;419,3333333333333
107;1;0;16;Make hot food;5278;2;2639,0
108;2;0;1;Eating;8517;3;2839,0
108;2;0;2;Change clothes;915;2;457,5
108;2;0;4;Washing hand/face;2158;8;269,75
108;2;0;7;Toileting;1921;4;480,25
108;2;0;13;Make coffee;991;3;330,3333333333333
108;2;0;16;Make hot food;5478;2;2739,0
109;3;0;1;Eating;5255;2;2627,5
109;3;0;2;Change clothes;1384;3;461,3333333333333
109;3;0;4;Washing hand/face;2233;9;248,11111111111111
109;3;0;7;Toileting;1665;4;416,25
109;3;0;13;Make coffee;792;2;396,0
109;3;0;16;Make hot food;2580;1;2580,0
110;4;0;1;Eating;8222;3;2740,6666666666665
110;4;0;2;Change clothes;895;2;447,5
110;4;0;4;Washing hand/face;1524;5;304,8
110;4;0;7;Toileting;1593;3;531,0
110;4;0;13;Make coffee;589;1;589,0
110;4;0;16;Make hot food;5166;2;2583,0
111;5;1;1;Eating;7792;3;2597,3333333333335
111;5;1;2;Change clothes;1147;2;573,5
111;5;1;4;Washing hand/face;1916;7;273,7142857142857
111;5;1;7;Toileting;2814;6;469,0
111;5;1;13;Make coffee;1549;3;516,3333333333334
111;5;1;16;Make hot food;5617;2;2808,5
112;6;1;1;Eating;7221;3;2407,0
112;6;1;2;Change clothes;867;2;433,5
112;6;1;4;Washing hand/face;2204;8;275,5
112;6;1;7;Toileting;1402;3;467,3333333333333
112;6;1;13;Make coffee;302;1;302,0
112;6;1;16;Make hot food;5130;2;2565,0
113;0;0;1;Eating;8708;3;2902,6666666666665
113;0;0;2;Change clothes;826;2;413,0
113;0;0;4;Washing hand/face;2237;8;279,625
113;0;0;7;Toileting;1546;3;515,3333333333334
113;0;0;13;Make coffee;1300;3;433,3333333333333
113;0;0;16;Make hot food;5040;2;2520,0
114;1;0;1;Eating;8195;3;2731,6666666666665
114;1;0;2;Change clothes;1028;3;342,6666666666667
114;1;0;4;Washing hand/face;1530;6;255,0
114;1;0;7;Toileting;2118;5;423,6
114;1;0;13;Make coffee;982;2;491,0
114;1;0;16;Make hot food;4458;2;2229,0
115;2;0;1;Eating;8125;3;2708,3333333333335
115;2;0;2;Change clothes;1106;3;368,6666666666667
115;2;0;4;Washing hand/face;2924;11;265,8181818181818
115;2;0;7;Toileting;2929;7;418,42857142857144
115;2;0;13;Make coffee;846;2;423,0
115;2;0;16;Make hot food;4790;2;2395,0
116;3;0;1;Eating;8378;3;2792,6666666666665
116;3;0;2;Change clothes;720;2;360,0
116;3;0;4;Washing hand/face;1799;7;257,0
116;3;0;7;Toileting;2492;6;415,3333333333333
116;3;0;13;Make coffee;1613;3;537,6666666666666
116;3;0;16;Make hot food;5368;2;2684,0
117;4;0;1;Eating;7721;3;2573,6666666666665
117;4;0;2;Change clothes;1063;2;531,5
117;4;0;4;Washing hand/face;1941;8;242,625
117;4;0;7;Toileting;2992;6;498,6666666666667
117;4;0;13;Make coffee;2234;5;446,8
117;4;0;16;Make hot food;6042;2;3021,0
118;5;1;1;Eating;3616;2;1808,0
118;5;1;2;Change clothes;1071;3;357,0
118;5;1;4;Washing hand/face;2054;8;256,75
118;5;1;7;Toileting;2222;5;444,4
118;5;1;13;Make coffee;1124;3;374,6666666666667
118;5;1;16;Make hot food;3098;1;3098,0
119;6;1;1;Eating;7407;3;2469,0
119;6;1;2;Change clothes;947;2;473,5
119;6;1;4;Washing hand/face;2032;8;254,0
119;6;1;7;Toileting;2186;5;437,2
119;6;1;13;Make coffee;1380;3;460,0
119;6;1;16;Make hot food;5770;2;2885,0
120;0;0;1;Eating;7684;3;2561,3333333333335
120;0;0;2;Change clothes;545;1;545,0
120;0;0;4;Washing hand/face;3099;11;281,72727272727275
120;0;0;7;Toileting;1947;4;486,75
120;0;0;13;Make coffee;1026;2;513,0
120;0;0;16;Make hot food;5292;2;2646,0
121;1;0;1;Eating;7897;3;2632,3333333333335
121;1;0;2;Change clothes;644;2;322,0
121;1;0;4;Washing hand/face;1424;6;237,33333333333334
121;1;0;7;Toileting;1355;3;451,6666666666667
121;1;0;13;Make coffee;1525;3;508,3333333333333
121;1;0;16;Make hot food;6253;2;3126,5
122;2;0;1;Eating;7414;3;2471,3333333333335
122;2;0;2;Change clothes;702;2;351,0
122;2;0;4;Washing hand/face;3221;13;247,76923076923077
122;2;0;7;Toileting;2462;5;492,4
122;2;0;13;Make coffee;1094;2;547,0
122;2;0;16;Make hot food;4768;2;2384,0
123;3;0;1;Eating;7134;3;2378,0
123;3;0;2;Change clothes;914;2;457,0
123;3;0;4;Washing hand/face;1179;4;294,75
123;3;0;7;Toileting;1592;3;530,6666666666666
123;3;0;13;Make coffee;774;2;387,0
123;3;0;16;Make hot food;5904;2;2952,0
124;4;0;1;Eating;7784;3;2594,6666666666665
124;4;0;2;Change clothes;863;2;431,5
124;4;0;4;Washing hand/face;2277;8;284,625
124;4;0;7;Toileting;2180;5;436,0
124;4;0;13;Make coffee;1423;3;474,3333333333333
124;4;0;16;Make hot food;5079;2;2539,5
125;5;1;1;Eating;4744;2;2372,0
125;5;1;2;Change clothes;837;2;418,5
125;5;1;4;Washing hand/face;1925;7;275,0
125;5;1;7;Toileting;2463;5;492,6
125;5;1;13;Make coffee;1005;2;502,5
125;5;1;16;Make hot food;2931;1;2931,0
126;6;1;1;Eating;8354;3;2784,6666666666665
126;6;1;2;Change clothes;1047;2;523,5
126;6;1;4;Washing hand/face;1274;6;212,33333333333334
126;6;1;7;Toileting;2810;6;468,3333333333333
126;6;1;13;Make coffee;717;2;358,5
126;6;1;16;Make hot food;6589;2;3294,5
127;0;0;1;Eating;3913;2;1956,5
127;0;0;2;Change clothes;1017;2;508,5
127;0;0;4;Washing hand/face;1558;6;259,6666666666667
127;0;0;7;Toileting;2480;6;413,3333333333333
127;0;0;13;Make coffee;890;2;445,0
127;0;0;16;Make hot food;5447;2;2723,5
128;1;0;1;Eating;8073;3;2691,0
128;1;0;2;Change clothes;944;2;472,0
128;1;0;4;Washing hand/face;2136;8;267,0
128;1;0;7;Toileting;2203;5;440,6
128;1;0;13;Make coffee;1666;4;416,5
128;1;0;16;Make hot food;2334;1;2334,0
129;2;0;1;Eating;5348;2;2674,0
129;2;0;2;Change clothes;1470;3;490,0
129;2;0;4;Washing hand/face;1756;8;219,5
129;2;0;7;Toileting;1038;2;519,0
129;2;0;13;Make coffee;576;1;576,0
129;2;0;16;Make hot food;2430;1;2430,0
130;3;0;1;Eating;3903;2;1951,5
130;3;0;2;Change clothes;1335;3;445,0
130;3;0;4;Washing hand/face;2857;11;259,72727272727275
130;3;0;7;Toileting;2958;7;422,57142857142856
130;3;0;13;Make coffee;1630;3;543,3333333333334
130;3;0;16;Make hot food;3026;1;3026,0
131;4;0;1;Eating;8166;3;2722,0
131;4;0;2;Change clothes;708;2;354,0
131;4;0;4;Washing hand/face;2391;9;265,6666666666667
131;4;0;7;Toileting;2522;6;420,3333333333333
131;4;0;13;Make coffee;1353;3;451,0
131;4;0;16;Make hot food;5338;2;2669,0
132;5;1;1;Eating;4005;2;2002,5
132;5;1;2;Change clothes;736;2;368,0
132;5;1;4;Washing hand/face;1254;5;250,8
132;5;1;7;Toileting;1828;4;457,0
132;5;1;13;Make coffee;1977;4;494,25
132;5;1;16;Make hot food;4164;2;2082,0
133;6;1;1;Eating;10672;4;2668,0
133;6;1;2;Change clothes;1126;3;375,3333333333333
133;6;1;4;Washing hand/face;1848;7;264,0
133;6;1;7;Toileting;1499;3;499,6666666666667
133;6;1;13;Make coffee;980;2;490,0
133;6;1;16;Make hot food;2445;1;2445,0
134;0;0;1;Eating;7642;3;2547,3333333333335
134;0;0;2;Change clothes;802;2;401,0
134;0;0;4;Washing hand/face;2050;8;256,25
134;0;0;7;Toileting;2210;5;442,0
134;0;0;13;Make coffee;1560;4;390,0
134;0;0;16;Make hot food;5904;2;2952,0
135;1;0;1;Eating;8326;3;2775,3333333333335
135;1;0;2;Change clothes;1081;2;540,5
135;1;0;4;Washing hand/face;2068;7;295,42857142857144
135;1;0;7;Toileting;3250;7;464,2857142857143
135;1;0;13;Make coffee;1173;3;391,0
135;1;0;16;Make hot food;6562;2;3281,0
136;2;0;1;Eating;4498;2;2249,0
136;2;0;2;Change clothes;1404;3;468,0
136;2;0;4;Washing hand/face;1312;5;262,4
136;2;0;7;Toileting;1434;3;478,0
136;2;0;13;Make coffee;1170;3;390,0
136;2;0;16;Make hot food;2610;1;2610,0
137;3;0;1;Eating;11302;4;2825,5
137;3;0;2;Change clothes;1300;3;433,3333333333333
137;3;0;4;Washing hand/face;3061;11;278,27272727272725
137;3;0;7;Toileting;2385;5;477,0
137;3;0;13;Make coffee;959;2;479,5
137;3;0;16;Make hot food;8660;3;2886,6666666666665
138;4;0;1;Eating;6828;3;2276,0
138;4;0;2;Change clothes;928;2;464,0
138;4;0;4;Washing hand/face;3005;11;273,1818181818182
138;4;0;7;Toileting;2343;5;468,6
138;4;0;13;Make coffee;739;2;369,5
138;4;0;16;Make hot food;6091;2;3045,5
139;5;1;1;Eating;7543;3;2514,3333333333335
139;5;1;2;Change clothes;872;2;436,0
139;5;1;4;Washing hand/face;1399;6;233,16666666666666
139;5;1;7;Toileting;2005;4;501,25
139;5;1;13;Make coffee;471;1;471,0
139;5;1;16;Make hot food;6317;2;3158,5
140;6;1;1;Eating;4980;2;2490,0
140;6;1;2;Change clothes;1853;4;463,25
140;6;1;4;Washing hand/face;788;3;262,6666666666667
140;6;1;7;Toileting;1430;3;476,6666666666667
140;6;1;13;Make coffee;461;1;461,0
140;6;1;16;Make hot food;2904;1;2904,0
141;0;0;1;Eating;4254;2;2127,0
141;0;0;2;Change clothes;1124;2;562,0
141;0;0;4;Washing hand/face;3019;11;274,45454545454544
141;0;0;7;Toileting;3362;7;480,2857142857143
141;0;0;13;Make coffee;1386;3;462,0
141;0;0;16;Make hot food;2419;1;2419,0
142;1;0;1;Eating;7614;3;2538,0
142;1;0;2;Change clothes;811;2;405,5
142;1;0;4;Washing hand/face;2359;9;262,1111111111111
142;1;0;7;Toileting;1341;3;447,0
142;1;0;13;Make coffee;1069;3;356,3333333333333
142;1;0;16;Make hot food;4841;2;2420,5
143;2;0;1;Eating;7642;3;2547,3333333333335
143;2;0;2;Change clothes;1160;3;386,6666666666667
143;2;0;4;Washing hand/face;3329;11;302,6363636363636
143;2;0;7;Toileting;3842;8;480,25
143;2;0;13;Make coffee;1426;3;475,3333333333333
143;2;0;16;Make hot food;5846;2;2923,0
144;3;0;1;Eating;7297;3;2432,3333333333335
144;3;0;2;Change clothes;876;2;438,0
144;3;0;4;Washing hand/face;3664;14;261,7142857142857
144;3;0;7;Toileting;2679;6;446,5
144;3;0;13;Make coffee;1715;4;428,75
144;3;0;16;Make hot food;4003;2;2001,5
145;4;0;1;Eating;3682;2;1841,0
145;4;0;2;Change clothes;691;2;345,5
145;4;0;4;Washing hand/face;2097;8;262,125
145;4;0;7;Toileting;1335;4;333,75
145;4;0;13;Make coffee;493;1;493,0
145;4;0;16;Make hot food;2896;1;2896,0
146;5;1;1;Eating;8458;3;2819,3333333333335
146;5;1;2;Change clothes;1584;3;528,0
146;5;1;4;Washing hand/face;2647;9;294,1111111111111
146;5;1;7;Toileting;3012;6;502,0
146;5;1;13;Make coffee;1961;5;392,2
146;5;1;16;Make hot food;6413;2;3206,5
147;6;1;1;Eating;7144;3;2381,3333333333335
147;6;1;2;Change clothes;1458;3;486,0
147;6;1;4;Washing hand/face;2034;8;254,25
147;6;1;7;Toileting;3070;6;511,6666666666667
147;6;1;13;Make coffee;834;2;417,0
147;6;1;16;Make hot food;4701;2;2350,5
148;0;0;1;Eating;7447;3;2482,3333333333335
148;0;0;2;Change clothes;911;2;455,5
148;0;0;4;Washing hand/face;3076;11;279,6363636363636
148;0;0;7;Toileting;2837;7;405,2857142857143
148;0;0;13;Make coffee;1503;3;501,0
148;0;0;16;Make hot food;5295;2;2647,5
149;1;0;1;Eating;7979;3;2659,6666666666665
149;1;0;2;Change clothes;975;2;487,5
149;1;0;4;Washing hand/face;2653;10;265,3
149;1;0;7;Toileting;1608;4;402,0
149;1;0;13;Make coffee;1279;3;426,3333333333333
149;1;0;16;Make hot food;5113;2;2556,5
150;2;0;1;Eating;8454;3;2818,0
150;2;0;2;Change clothes;1712;3;570,6666666666666
150;2;0;4;Washing hand/face;2616;9;290,6666666666667
150;2;0;7;Toileting;2534;6;422,3333333333333
150;2;0;13;Make coffee;1342;3;447,3333333333333
150;2;0;16;Make hot food;4283;2;2141,5
151;3;0;1;Eating;4402;2;2201,0
151;3;0;2;Change clothes;802;2;401,0
151;3;0;4;Washing hand/face;1493;5;298,6
151;3;0;7;Toileting;2138;5;427,6
151;3;0;13;Make coffee;1629;3;543,0
151;3;0;16;Make hot food;2506;1;2506,0
152;4;0;1;Eating;3924;2;1962,0
152;4;0;2;Change clothes;1376;3;458,6666666666667
152;4;0;4;Washing hand/face;2354;8;294,25
152;4;0;7;Toileting;1925;4;481,25
152;4;0;13;Make coffee;907;2;453,5
152;4;0;16;Make hot food;1854;1;1854,0
153;5;1;1;Eating;7127;3;2375,6666666666665
153;5;1;2;Change clothes;1034;2;517,0
153;5;1;4;Washing hand/face;3037;11;276,09090909090907
153;5;1;7;Toileting;2770;6;461,6666666666667
153;5;1;13;Make coffee;1803;4;450,75
153;5;1;16;Make hot food;4727;2;2363,5
154;6;1;1;Eating;4229;2;2114,5
154;6;1;2;Change clothes;1577;3;525,6666666666666
154;6;1;4;Washing hand/face;1767;7;252,42857142857142
154;6;1;7;Toileting;870;2;435,0
154;6;1;13;Make coffee;702;2;351,0
154;6;1;16;Make hot food;3527;1;3527,0
155;0;0;1;Eating;8069;3;2689,6666666666665
155;0;0;2;Change clothes;1171;3;390,3333333333333
155;0;0;4;Washing hand/face;2784;11;253,0909090909091
155;0;0;7;Toileting;1585;4;396,25
155;0;0;13;Make coffee;1278;3;426,0
155;0;0;16;Make hot food;4974;2;2487,0
156;1;0;1;Eating;7536;3;2512,0
156;1;0;2;Change clothes;898;2;449,0
156;1;0;4;Washing hand/face;2725;9;302,77777777777777
156;1;0;7;Toileting;2350;6;391,6666666666667
156;1;0;13;Make coffee;430;1;430,0
156;1;0;16;Make hot food;6147;2;3073,5
157;2;0;1;Eating;7688;3;2562,6666666666665
157;2;0;2;Change clothes;790;2;395,0
157;2;0;4;Washing hand/face;2462;9;273,55555555555554
157;2;0;7;Toileting;1870;4;467,5
157;2;0;13;Make coffee;1494;4;373,5
157;2;0;16;Make hot food;4963;2;2481,5
158;3;0;1;Eating;8700;3;2900,0
158;3;0;2;Change clothes;751;2;375,5
158;3;0;4;Washing hand/face;1601;6;266,8333333333333
158;3;0;7;Toileting;915;2;457,5
158;3;0;13;Make coffee;1192;3;397,3333333333333
158;3;0;16;Make hot food;6015;2;3007,5
159;4;0;1;Eating;4723;2;2361,5
159;4;0;2;Change clothes;748;2;374,0
159;4;0;4;Washing hand/face;2132;8;266,5
159;4;0;7;Toileting;2371;5;474,2
159;4;0;13;Make coffee;1072;2;536,0
159;4;0;16;Make hot food;3804;2;1902,0
160;5;1;1;Eating;7916;3;2638,6666666666665
160;5;1;2;Change clothes;1183;2;591,5
160;5;1;4;Washing hand/face;2002;8;250,25
160;5;1;7;Toileting;1953;5;390,6
160;5;1;13;Make coffee;1330;3;443,3333333333333
160;5;1;16;Make hot food;4720;2;2360,0
161;6;1;1;Eating;8104;3;2701,3333333333335
161;6;1;2;Change clothes;898;2;449,0
161;6;1;4;Washing hand/face;1476;6;246,0
161;6;1;7;Toileting;1391;3;463,6666666666667
161;6;1;13;Make coffee;1089;3;363,0
161;6;1;16;Make hot food;5131;2;2565,5
162;0;0;1;Eating;6787;3;2262,3333333333335
162;0;0;2;Change clothes;888;2;444,0
162;0;0;4;Washing hand/face;3502;13;269,38461538461536
162;0;0;7;Toileting;2713;7;387,57142857142856
162;0;0;13;Make coffee;1808;4;452,0
162;0;0;16;Make hot food;4740;2;2370,0
163;1;0;1;Eating;7901;3;2633,6666666666665
163;1;0;2;Change clothes;875;2;437,5
163;1;0;4;Washing hand/face;1942;8;242,75
163;1;0;7;Toileting;2280;5;456,0
163;1;0;13;Make coffee;2205;5;441,0
163;1;0;16;Make hot food;6070;2;3035,0
164;2;0;1;Eating;7582;3;2527,3333333333335
164;2;0;2;Change clothes;695;2;347,5
164;2;0;4;Washing hand/face;2665;10;266,5
164;2;0;7;Toileting;1349;3;449,6666666666667
164;2;0;13;Make coffee;1227;3;409,0
164;2;0;16;Make hot food;6316;2;3158,0
165;3;0;1;Eating;7509;3;2503,0
165;3;0;2;Change clothes;1573;3;524,3333333333334
165;3;0;4;Washing hand/face;2141;7;305,85714285714283
165;3;0;7;Toileting;2221;5;444,2
165;3;0;13;Make coffee;1319;3;439,6666666666667
165;3;0;16;Make hot food;4419;2;2209,5
166;4;0;1;Eating;7739;3;2579,6666666666665
166;4;0;2;Change clothes;1414;3;471,3333333333333
166;4;0;4;Washing hand/face;2755;11;250,45454545454547
166;4;0;7;Toileting;2302;6;383,6666666666667
166;4;0;13;Make coffee;414;1;414,0
166;4;0;16;Make hot food;5792;2;2896,0
167;5;1;1;Eating;8092;3;2697,3333333333335
167;5;1;2;Change clothes;1250;3;416,6666666666667
167;5;1;4;Washing hand/face;2168;8;271,0
167;5;1;7;Toileting;1987;4;496,75
167;5;1;13;Make coffee;945;2;472,5
167;5;1;16;Make hot food;2651;1;2651,0
168;6;1;1;Eating;7434;3;2478,0
168;6;1;2;Change clothes;1414;3;471,3333333333333
168;6;1;4;Washing hand/face;1802;7;257,42857142857144
168;6;1;7;Toileting;1668;4;417,0
168;6;1;13;Make coffee;745;2;372,5
168;6;1;16;Make hot food;6024;2;3012,0
169;0;0;1;Eating;7313;3;2437,6666666666665
169;0;0;2;Change clothes;1014;3;338,0
169;0;0;4;Washing hand/face;2184;9;242,66666666666666
169;0;0;7;Toileting;2608;6;434,6666666666667
169;0;0;13;Make coffee;1080;3;360,0
169;0;0;16;Make hot food;4634;2;2317,0
170;1;0;1;Eating;8103;3;2701,0
170;1;0;2;Change clothes;1165;2;582,5
170;1;0;4;Washing hand/face;2082;8;260,25
170;1;0;7;Toileting;1378;3;459,3333333333333
170;1;0;13;Make coffee;1950;4;487,5
170;1;0;16;Make hot food;6086;2;3043,0
171;2;0;1;Eating;4524;2;2262,0
171;2;0;2;Change clothes;1418;3;472,6666666666667
171;2;0;4;Washing hand/face;1226;4;306,5
171;2;0;7;Toileting;1289;3;429,6666666666667
171;2;0;13;Make coffee;1796;4;449,0
171;2;0;16;Make hot food;2877;1;2877,0
172;3;0;1;Eating;7133;3;2377,6666666666665
172;3;0;2;Change clothes;1278;3;426,0
172;3;0;4;Washing hand/face;2661;10;266,1
172;3;0;7;Toileting;1826;4;456,5
172;3;0;13;Make coffee;1218;3;406,0
172;3;0;16;Make hot food;7132;2;3566,0
173;4;0;1;Eating;7597;3;2532,3333333333335
173;4;0;2;Change clothes;865;2;432,5
173;4;0;4;Washing hand/face;2659;10;265,9
173;4;0;7;Toileting;1453;3;484,3333333333333
173;4;0;13;Make coffee;1330;3;443,3333333333333
173;4;0;16;Make hot food;4288;2;2144,0
174;5;1;1;Eating;8388;3;2796,0
174;5;1;2;Change clothes;725;2;362,5
174;5;1;4;Washing hand/face;1954;7;279,14285714285717
174;5;1;7;Toileting;1675;4;418,75
174;5;1;13;Make coffee;1976;4;494,0
174;5;1;16;Make hot food;3861;2;1930,5
175;6;1;1;Eating;7449;3;2483,0
175;6;1;2;Change clothes;1005;2;502,5
175;6;1;4;Washing hand/face;1750;6;291,6666666666667
175;6;1;7;Toileting;2645;5;529,0
175;6;1;13;Make coffee;1605;4;401,25
175;6;1;16;Make hot food;3212;1;3212,0
176;0;0;1;Eating;7977;3;2659,0
176;0;0;2;Change clothes;908;2;454,0
176;0;0;4;Washing hand/face;2668;11;242,54545454545453
176;0;0;7;Toileting;2876;6;479,3333333333333
176;0;0;13;Make coffee;1618;4;404,5
176;0;0;16;Make hot food;5108;2;2554,0
177;1;0;1;Eating;3579;2;1789,5
177;1;0;2;Change clothes;1237;3;412,3333333333333
177;1;0;4;Washing hand/face;1589;7;227,0
177;1;0;7;Toileting;2731;6;455,1666666666667
177;1;0;13;Make coffee;1458;3;486,0
177;1;0;16;Make hot food;2798;1;2798,0
178;2;0;1;Eating;7589;3;2529,6666666666665
178;2;0;2;Change clothes;1743;4;435,75
178;2;0;4;Washing hand/face;1864;7;266,2857142857143
178;2;0;7;Toileting;1659;4;414,75
178;2;0;13;Make coffee;1104;3;368,0
178;2;0;16;Make hot food;5656;2;2828,0
179;3;0;1;Eating;3515;2;1757,5
179;3;0;2;Change clothes;1556;4;389,0
179;3;0;4;Washing hand/face;1523;5;304,6
179;3;0;7;Toileting;2146;4;536,5
179;3;0;13;Make coffee;408;1;408,0
179;3;0;16;Make hot food;2476;1;2476,0
180;4;0;1;Eating;8383;3;2794,3333333333335
180;4;0;2;Change clothes;931;2;465,5
180;4;0;4;Washing hand/face;2125;8;265,625
180;4;0;7;Toileting;1896;4;474,0
180;4;0;13;Make coffee;1518;3;506,0
180;4;0;16;Make hot food;5650;2;2825,0
181;5;1;1;Eating;6721;3;2240,3333333333335
181;5;1;2;Change clothes;912;2;456,0
181;5;1;4;Washing hand/face;2336;8;292,0
181;5;1;7;Toileting;1864;4;466,0
181;5;1;13;Make coffee;1096;3;365,3333333333333
181;5;1;16;Make hot food;5328;2;2664,0
182;6;1;1;Eating;5111;2;2555,5
182;6;1;2;Change clothes;1905;4;476,25
182;6;1;4;Washing hand/face;1418;5;283,6
182;6;1;7;Toileting;1884;4;471,0
182;6;1;13;Make coffee;1709;4;427,25
182;6;1;16;Make hot food;3123;1;3123,0
183;0;0;1;Eating;8194;3;2731,3333333333335
183;0;0;2;Change clothes;911;2;455,5
183;0;0;4;Washing hand/face;2054;8;256,75
183;0;0;7;Toileting;2027;5;405,4
183;0;0;13;Make coffee;1545;3;515,0
183;0;0;16;Make hot food;1928;1;1928,0
184;1;0;1;Eating;7322;3;2440,6666666666665
184;1;0;2;Change clothes;1263;3;421,0
184;1;0;4;Washing hand/face;1360;5;272,0
184;1;0;7;Toileting;1207;3;402,3333333333333
184;1;0;13;Make coffee;1444;3;481,3333333333333
184;1;0;16;Make hot food;5630;2;2815,0
185;2;0;1;Eating;8738;3;2912,6666666666665
185;2;0;2;Change clothes;940;2;470,0
185;2;0;4;Washing hand/face;2648;10;264,8
185;2;0;7;Toileting;3644;8;455,5
185;2;0;13;Make coffee;1491;3;497,0
185;2;0;16;Make hot food;6244;2;3122,0
186;3;0;1;Eating;7978;3;2659,3333333333335
186;3;0;2;Change clothes;741;2;370,5
186;3;0;4;Washing hand/face;1488;5;297,6
186;3;0;7;Toileting;2312;5;462,4
186;3;0;13;Make coffee;1682;4;420,5
186;3;0;16;Make hot food;5713;2;2856,5
187;4;0;1;Eating;7355;3;2451,6666666666665
187;4;0;2;Change clothes;793;2;396,5
187;4;0;4;Washing hand/face;1702;7;243,14285714285714
187;4;0;7;Toileting;1655;3;551,6666666666666
187;4;0;13;Make coffee;1012;2;506,0
187;4;0;16;Make hot food;5615;2;2807,5
188;5;1;1;Eating;4362;2;2181,0
188;5;1;2;Change clothes;1807;4;451,75
188;5;1;4;Washing hand/face;2607;9;289,6666666666667
188;5;1;7;Toileting;2677;6;446,1666666666667
188;5;1;13;Make coffee;1062;2;531,0
188;5;1;16;Make hot food;2509;1;2509,0
189;6;1;1;Eating;8416;3;2805,3333333333335
189;6;1;2;Change clothes;830;2;415,0
189;6;1;4;Washing hand/face;1876;7;268,0
189;6;1;7;Toileting;1661;4;415,25
189;6;1;13;Make coffee;1870;4;467,5
189;6;1;16;Make hot food;5382;2;2691,0
190;0;0;1;Eating;7083;3;2361,0
190;0;0;2;Change clothes;1154;3;384,6666666666667
190;0;0;4;Washing hand/face;3245;11;295,0
190;0;0;7;Toileting;2299;5;459,8
190;0;0;13;Make coffee;1434;3;478,0
190;0;0;16;Make hot food;5701;2;2850,5
191;1;0;1;Eating;8342;3;2780,6666666666665
191;1;0;2;Change clothes;1061;2;530,5
191;1;0;4;Washing hand/face;2010;7;287,14285714285717
191;1;0;7;Toileting;2693;6;448,8333333333333
191;1;0;13;Make coffee;2186;5;437,2
191;1;0;16;Make hot food;2132;1;2132,0
192;2;0;1;Eating;4854;2;2427,0
192;2;0;2;Change clothes;1842;4;460,5
192;2;0;4;Washing hand/face;2350;8;293,75
192;2;0;7;Toileting;1776;4;444,0
192;2;0;13;Make coffee;1533;4;383,25
192;2;0;16;Make hot food;2275;1;2275,0
193;3;0;1;Eating;7241;3;2413,6666666666665
193;3;0;2;Change clothes;618;2;309,0
193;3;0;4;Washing hand/face;3006;12;250,5
193;3;0;7;Toileting;2386;6;397,6666666666667
193;3;0;13;Make coffee;2409;5;481,8
193;3;0;16;Make hot food;2819;1;2819,0
194;4;0;1;Eating;4138;2;2069,0
194;4;0;2;Change clothes;445;1;445,0
194;4;0;4;Washing hand/face;2506;9;278,44444444444446
194;4;0;7;Toileting;2800;6;466,6666666666667
194;4;0;13;Make coffee;1672;4;418,0
194;4;0;16;Make hot food;2411;1;2411,0
195;5;1;1;Eating;8354;3;2784,6666666666665
195;5;1;2;Change clothes;1481;3;493,6666666666667
195;5;1;4;Washing hand/face;1851;7;264,42857142857144
195;5;1;7;Toileting;1810;4;452,5
195;5;1;13;Make coffee;1649;4;412,25
195;5;1;16;Make hot food;2036;1;2036,0
196;6;1;1;Eating;7398;3;2466,0
196;6;1;2;Change clothes;1125;3;375,0
196;6;1;4;Washing hand/face;2137;8;267,125
196;6;1;7;Toileting;2237;5;447,4
196;6;1;13;Make coffee;1395;3;465,0
196;6;1;16;Make hot food;5490;2;2745,0
197;0;0;1;Eating;7015;3;2338,3333333333335
197;0;0;2;Change clothes;922;2;461,0
197;0;0;4;Washing hand/face;2296;8;287,0
197;0;0;7;Toileting;2936;6;489,3333333333333
197;0;0;13;Make coffee;1647;4;411,75
197;0;0;16;Make hot food;4896;2;2448,0
198;1;0;1;Eating;7433;3;2477,6666666666665
198;1;0;2;Change clothes;1462;3;487,3333333333333
198;1;0;4;Washing hand/face;2840;11;258,1818181818182
198;1;0;7;Toileting;3002;6;500,3333333333333
198;1;0;13;Make coffee;1697;4;424,25
198;1;0;16;Make hot food;5674;2;2837,0
199;2;0;1;Eating;7962;3;2654,0
199;2;0;2;Change clothes;1043;2;521,5
199;2;0;4;Washing hand/face;2114;8;264,25
199;2;0;7;Toileting;2209;5;441,8
199;2;0;13;Make coffee;1351;3;450,3333333333333
199;2;0;16;Make hot food;2655;1;2655,0
200;3;0;1;Eating;3959;2;1979,5
200;3;0;2;Change clothes;1122;3;374,0
200;3;0;4;Washing hand/face;2053;7;293,2857142857143
200;3;0;7;Toileting;1144;3;381,3333333333333
200;3;0;13;Make coffee;765;2;382,5
200;3;0;16;Make hot food;3414;1;3414,0
201;4;0;1;Eating;6945;3;2315,0
201;4;0;2;Change clothes;997;2;498,5
201;4;0;4;Washing hand/face;2014;8;251,75
201;4;0;7;Toileting;1731;4;432,75
201;4;0;13;Make coffee;2287;4;571,75
201;4;0;16;Make hot food;3002;1;3002,0
202;5;1;1;Eating;7071;3;2357,0
202;5;1;2;Change clothes;1301;3;433,6666666666667
202;5;1;4;Washing hand/face;1292;5;258,4
202;5;1;7;Toileting;1696;4;424,0
202;5;1;13;Make coffee;1677;4;419,25
202;5;1;16;Make hot food;5637;2;2818,5
203;6;1;1;Eating;7577;3;2525,6666666666665
203;6;1;2;Change clothes;1387;3;462,3333333333333
203;6;1;4;Washing hand/face;2565;9;285,0
203;6;1;7;Toileting;2012;4;503,0
203;6;1;13;Make coffee;1196;3;398,6666666666667
203;6;1;16;Make hot food;4192;2;2096,0
204;0;0;1;Eating;7306;3;2435,3333333333335
204;0;0;2;Change clothes;363;1;363,0
204;0;0;4;Washing hand/face;2156;9;239,55555555555554
204;0;0;7;Toileting;2961;6;493,5
204;0;0;13;Make coffee;1953;4;488,25
204;0;0;16;Make hot food;4578;2;2289,0
205;1;0;1;Eating;8574;3;2858,0
205;1;0;2;Change clothes;1291;3;430,3333333333333
205;1;0;4;Washing hand/face;1758;7;251,14285714285714
205;1;0;7;Toileting;1197;3;399,0
205;1;0;13;Make coffee;1327;3;442,3333333333333
205;1;0;16;Make hot food;4711;2;2355,5
206;2;0;1;Eating;3932;2;1966,0
206;2;0;2;Change clothes;1040;2;520,0
206;2;0;4;Washing hand/face;2538;9;282,0
206;2;0;7;Toileting;2549;5;509,8
206;2;0;13;Make coffee;961;2;480,5
206;2;0;16;Make hot food;2161;1;2161,0
207;3;0;1;Eating;8147;3;2715,6666666666665
207;3;0;2;Change clothes;989;2;494,5
207;3;0;4;Washing hand/face;2521;9;280,1111111111111
207;3;0;7;Toileting;974;3;324,6666666666667
207;3;0;13;Make coffee;1839;4;459,75
207;3;0;16;Make hot food;6073;2;3036,5
208;4;0;1;Eating;7886;3;2628,6666666666665
208;4;0;2;Change clothes;1414;3;471,3333333333333
208;4;0;4;Washing hand/face;1284;5;256,8
208;4;0;7;Toileting;1476;4;369,0
208;4;0;13;Make coffee;383;1;383,0
208;4;0;16;Make hot food;5800;2;2900,0
209;5;1;1;Eating;7833;3;2611,0
209;5;1;2;Change clothes;730;2;365,0
209;5;1;4;Washing hand/face;1974;8;246,75
209;5;1;7;Toileting;2766;7;395,14285714285717
209;5;1;13;Make coffee;787;2;393,5
209;5;1;16;Make hot food;5062;2;2531,0
210;6;1;1;Eating;8765;3;2921,6666666666665
210;6;1;2;Change clothes;1820;4;455,0
210;6;1;4;Washing hand/face;1467;6;244,5
210;6;1;7;Toileting;1514;3;504,6666666666667
210;6;1;13;Make coffee;450;1;450,0
210;6;1;16;Make hot food;5849;2;2924,5
211;0;0;1;Eating;7728;3;2576,0
211;0;0;2;Change clothes;1161;3;387,0
211;0;0;4;Washing hand/face;2094;7;299,14285714285717
211;0;0;7;Toileting;2469;5;493,8
211;0;0;13;Make coffee;880;2;440,0
211;0;0;16;Make hot food;3245;1;3245,0
212;1;0;1;Eating;4135;2;2067,5
212;1;0;2;Change clothes;694;2;347,0
212;1;0;4;Washing hand/face;1714;7;244,85714285714286
212;1;0;7;Toileting;2264;5;452,8
212;1;0;13;Make coffee;1997;4;499,25
212;1;0;16;Make hot food;1961;1;1961,0
213;2;0;1;Eating;3724;2;1862,0
213;2;0;2;Change clothes;1269;3;423,0
213;2;0;4;Washing hand/face;2142;8;267,75
213;2;0;7;Toileting;699;2;349,5
213;2;0;13;Make coffee;927;2;463,5
213;2;0;16;Make hot food;1961;1;1961,0
214;3;0;1;Eating;7262;3;2420,6666666666665
214;3;0;2;Change clothes;768;2;384,0
214;3;0;4;Washing hand/face;3851;14;275,07142857142856
214;3;0;7;Toileting;3319;7;474,14285714285717
214;3;0;13;Make coffee;2626;5;525,2
214;3;0;16;Make hot food;2068;1;2068,0
215;4;0;1;Eating;6899;3;2299,6666666666665
215;4;0;2;Change clothes;1007;2;503,5
215;4;0;4;Washing hand/face;3078;10;307,8
215;4;0;7;Toileting;2981;7;425,85714285714283
215;4;0;13;Make coffee;1741;4;435,25
215;4;0;16;Make hot food;2994;1;2994,0
216;5;1;1;Eating;4240;2;2120,0
216;5;1;2;Change clothes;1053;2;526,5
216;5;1;4;Washing hand/face;2359;8;294,875
216;5;1;7;Toileting;853;2;426,5
216;5;1;13;Make coffee;1229;3;409,6666666666667
216;5;1;16;Make hot food;2472;1;2472,0
217;6;1;1;Eating;3802;2;1901,0
217;6;1;2;Change clothes;1169;2;584,5
217;6;1;4;Washing hand/face;1293;5;258,6
217;6;1;7;Toileting;1162;2;581,0
217;6;1;13;Make coffee;1834;4;458,5
217;6;1;16;Make hot food;2329;1;2329,0
218;0;0;1;Eating;8594;3;2864,6666666666665
218;0;0;2;Change clothes;1339;3;446,3333333333333
218;0;0;4;Washing hand/face;2080;7;297,14285714285717
218;0;0;7;Toileting;1248;3;416,0
218;0;0;13;Make coffee;1426;3;475,3333333333333
218;0;0;16;Make hot food;4803;2;2401,5
219;1;0;1;Eating;4838;2;2419,0
219;1;0;2;Change clothes;1404;3;468,0
219;1;0;4;Washing hand/face;2482;9;275,77777777777777
219;1;0;7;Toileting;1833;4;458,25
219;1;0;13;Make coffee;855;2;427,5
219;1;0;16;Make hot food;3434;1;3434,0
220;2;0;1;Eating;6942;3;2314,0
220;2;0;2;Change clothes;1372;3;457,3333333333333
220;2;0;4;Washing hand/face;2963;11;269,3636363636364
220;2;0;7;Toileting;1916;4;479,0
220;2;0;13;Make coffee;2370;5;474,0
220;2;0;16;Make hot food;5059;2;2529,5
221;3;0;1;Eating;7644;3;2548,0
221;3;0;2;Change clothes;1023;2;511,5
221;3;0;4;Washing hand/face;2356;9;261,77777777777777
221;3;0;7;Toileting;1009;2;504,5
221;3;0;13;Make coffee;1066;2;533,0
221;3;0;16;Make hot food;4906;2;2453,0
222;4;0;1;Eating;7149;3;2383,0
222;4;0;2;Change clothes;1605;3;535,0
222;4;0;4;Washing hand/face;2790;10;279,0
222;4;0;7;Toileting;2158;5;431,6
222;4;0;13;Make coffee;1590;4;397,5
222;4;0;16;Make hot food;4212;2;2106,0
223;5;1;1;Eating;7910;3;2636,6666666666665
223;5;1;2;Change clothes;976;2;488,0
223;5;1;4;Washing hand/face;2063;7;294,7142857142857
223;5;1;7;Toileting;2628;6;438,0
223;5;1;13;Make coffee;2188;5;437,6
223;5;1;16;Make hot food;4322;2;2161,0
224;6;1;1;Eating;3809;2;1904,5
224;6;1;2;Change clothes;1497;3;499,0
224;6;1;4;Washing hand/face;2455;9;272,77777777777777
224;6;1;7;Toileting;2054;5;410,8
224;6;1;13;Make coffee;923;2;461,5
224;6;1;16;Make hot food;2500;1;2500,0
225;0;0;1;Eating;8085;3;2695,0
225;0;0;2;Change clothes;1482;3;494,0
225;0;0;4;Washing hand/face;1638;6;273,0
225;0;0;7;Toileting;1795;4;448,75
225;0;0;13;Make coffee;1327;3;442,3333333333333
225;0;0;16;Make hot food;5319;2;2659,5
226;1;0;1;Eating;4676;2;2338,0
226;1;0;2;Change clothes;1161;3;387,0
226;1;0;4;Washing hand/face;1877;7;268,14285714285717
226;1;0;7;Toileting;2021;4;505,25
226;1;0;13;Make coffee;1125;2;562,5
226;1;0;16;Make hot food;2451;1;2451,0
227;2;0;1;Eating;4752;2;2376,0
227;2;0;2;Change clothes;1416;3;472,0
227;2;0;4;Washing hand/face;2714;11;246,72727272727272
227;2;0;7;Toileting;2371;5;474,2
227;2;0;13;Make coffee;1406;3;468,6666666666667
227;2;0;16;Make hot food;5228;2;2614,0
228;3;0;1;Eating;8430;3;2810,0
228;3;0;2;Change clothes;1399;3;466,3333333333333
228;3;0;4;Washing hand/face;1783;7;254,71428571428572
228;3;0;7;Toileting;2548;5;509,6
228;3;0;13;Make coffee;1981;4;495,25
228;3;0;16;Make hot food;2987;1;2987,0
229;4;0;1;Eating;8002;3;2667,3333333333335
229;4;0;2;Change clothes;1980;4;495,0
229;4;0;4;Washing hand/face;2454;9;272,6666666666667
229;4;0;7;Toileting;1314;3;438,0
229;4;0;13;Make coffee;1426;3;475,3333333333333
229;4;0;16;Make hot food;5414;2;2707,0
230;5;1;1;Eating;8452;3;2817,3333333333335
230;5;1;2;Change clothes;739;2;369,5
230;5;1;4;Washing hand/face;3842;14;274,42857142857144
230;5;1;7;Toileting;3019;7;431,2857142857143
230;5;1;13;Make coffee;2185;5;437,0
230;5;1;16;Make hot food;5292;2;2646,0
231;6;1;1;Eating;8606;3;2868,6666666666665
231;6;1;2;Change clothes;973;2;486,5
231;6;1;4;Washing hand/face;1255;5;251,0
231;6;1;7;Toileting;1299;3;433,0
231;6;1;13;Make coffee;841;2;420,5
231;6;1;16;Make hot food;4965;2;2482,5
232;0;0;1;Eating;4793;2;2396,5
232;0;0;2;Change clothes;1018;2;509,0
232;0;0;4;Washing hand/face;2204;8;275,5
232;0;0;7;Toileting;2522;6;420,3333333333333
232;0;0;13;Make coffee;865;2;432,5
232;0;0;16;Make hot food;3464;1;3464,0
233;1;0;1;Eating;8515;3;2838,3333333333335
233;1;0;2;Change clothes;1184;3;394,6666666666667
233;1;0;4;Washing hand/face;1131;5;226,2
233;1;0;7;Toileting;897;2;448,5
233;1;0;13;Make coffee;1174;3;391,3333333333333
233;1;0;16;Make hot food;5485;2;2742,5
234;2;0;1;Eating;8431;3;2810,3333333333335
234;2;0;2;Change clothes;692;2;346,0
234;2;0;4;Washing hand/face;2521;9;280,1111111111111
234;2;0;7;Toileting;1978;4;494,5
234;2;0;13;Make coffee;2518;5;503,6
234;2;0;16;Make hot food;5617;2;2808,5
235;3;0;1;Eating;5109;2;2554,5
235;3;0;2;Change clothes;1943;4;485,75
235;3;0;4;Washing hand/face;1498;6;249,66666666666666
235;3;0;7;Toileting;2238;5;447,6
235;3;0;13;Make coffee;1001;2;500,5
235;3;0;16;Make hot food;2150;1;2150,0
236;4;0;1;Eating;4090;2;2045,0
236;4;0;2;Change clothes;1588;3;529,3333333333334
236;4;0;4;Washing hand/face;2288;9;254,22222222222223
236;4;0;7;Toileting;2251;5;450,2
236;4;0;13;Make coffee;578;1;578,0
236;4;0;16;Make hot food;2514;1;2514,0
237;5;1;1;Eating;7736;3;2578,6666666666665
237;5;1;2;Change clothes;1304;3;434,6666666666667
237;5;1;4;Washing hand/face;1830;7;261,42857142857144
237;5;1;7;Toileting;1452;3;484,0
237;5;1;13;Make coffee;494;1;494,0
237;5;1;16;Make hot food;2102;1;2102,0
238;6;1;1;Eating;7436;3;2478,6666666666665
238;6;1;2;Change clothes;807;2;403,5
238;6;1;4;Washing hand/face;1422;5;284,4
238;6;1;7;Toileting;1455;3;485,0
238;6;1;13;Make coffee;547;1;547,0
238;6;1;16;Make hot food;6517;2;3258,5
239;0;0;1;Eating;7764;3;2588,0
239;0;0;2;Change clothes;1575;3;525,0
239;0;0;4;Washing hand/face;1761;6;293,5
239;0;0;7;Toileting;2844;6;474,0
239;0;0;13;Make coffee;1030;2;515,0
239;0;0;16;Make hot food;5583;2;2791,5
240;1;0;1;Eating;8532;3;2844,0
240;1;0;2;Change clothes;846;2;423,0
240;1;0;4;Washing hand/face;2431;9;270,1111111111111
240;1;0;7;Toileting;2100;5;420,0
240;1;0;13;Make coffee;2258;5;451,6
240;1;0;16;Make hot food;2548;1;2548,0
241;2;0;1;Eating;6771;3;2257,0
241;2;0;2;Change clothes;1869;4;467,25
241;2;0;4;Washing hand/face;2324;8;290,5
241;2;0;7;Toileting;2168;4;542,0
241;2;0;13;Make coffee;1374;3;458,0
241;2;0;16;Make hot food;4689;2;2344,5
242;3;0;1;Eating;3579;2;1789,5
242;3;0;2;Change clothes;981;2;490,5
242;3;0;4;Washing hand/face;2141;8;267,625
242;3;0;7;Toileting;1953;4;488,25
242;3;0;13;Make coffee;917;2;458,5
242;3;0;16;Make hot food;2106;1;2106,0
243;4;0;1;Eating;7631;3;2543,6666666666665
243;4;0;2;Change clothes;1221;3;407,0
243;4;0;4;Washing hand/face;2201;8;275,125
243;4;0;7;Toileting;1950;4;487,5
243;4;0;13;Make coffee;875;2;437,5
243;4;0;16;Make hot food;6542;2;3271,0
244;5;1;1;Eating;3764;2;1882,0
244;5;1;2;Change clothes;376;1;376,0
244;5;1;4;Washing hand/face;2370;9;263,3333333333333
244;5;1;7;Toileting;1805;4;451,25
244;5;1;13;Make coffee;997;2;498,5
244;5;1;16;Make hot food;2208;1;2208,0
245;6;1;1;Eating;8220;3;2740,0
245;6;1;2;Change clothes;1284;3;428,0
245;6;1;4;Washing hand/face;2671;10;267,1
245;6;1;7;Toileting;2178;5;435,6
245;6;1;13;Make coffee;1070;2;535,0
245;6;1;16;Make hot food;1805;1;1805,0
246;0;0;1;Eating;8675;3;2891,6666666666665
246;0;0;2;Change clothes;1318;3;439,3333333333333
246;0;0;4;Washing hand/face;1655;6;275,8333333333333
246;0;0;7;Toileting;1250;3;416,6666666666667
246;0;0;13;Make coffee;1589;3;529,6666666666666
246;0;0;16;Make hot food;4254;2;2127,0
247;1;0;1;Eating;8215;3;2738,3333333333335
247;1;0;2;Change clothes;1277;3;425,6666666666667
247;1;0;4;Washing hand/face;2758;10;275,8
247;1;0;7;Toileting;2316;5;463,2
247;1;0;13;Make coffee;1209;3;403,0
247;1;0;16;Make hot food;6035;2;3017,5
248;2;0;1;Eating;5260;2;2630,0
248;2;0;2;Change clothes;1278;3;426,0
248;2;0;4;Washing hand/face;2487;8;310,875
248;2;0;7;Toileting;1431;3;477,0
248;2;0;13;Make coffee;900;2;450,0
248;2;0;16;Make hot food;2627;1;2627,0
249;3;0;1;Eating;8628;3;2876,0
249;3;0;2;Change clothes;919;2;459,5
249;3;0;4;Washing hand/face;1819;7;259,85714285714283
249;3;0;7;Toileting;1655;4;413,75
249;3;0;13;Make coffee;826;2;413,0
249;3;0;16;Make hot food;6975;2;3487,5
250;4;0;1;Eating;7478;3;2492,6666666666665
250;4;0;2;Change clothes;888;2;444,0
250;4;0;4;Washing hand/face;1541;6;256,8333333333333
250;4;0;7;Toileting;1361;3;453,6666666666667
250;4;0;13;Make coffee;1345;3;448,3333333333333
250;4;0;16;Make hot food;3138;1;3138,0
251;5;1;1;Eating;4592;2;2296,0
251;5;1;2;Change clothes;1012;2;506,0
251;5;1;4;Washing hand/face;1741;7;248,71428571428572
251;5;1;7;Toileting;1244;3;414,6666666666667
251;5;1;13;Make coffee;905;2;452,5
251;5;1;16;Make hot food;1955;1;1955,0
252;6;1;1;Eating;7076;3;2358,6666666666665
252;6;1;2;Change clothes;1316;3;438,6666666666667
252;6;1;4;Washing hand/face;1665;6;277,5
252;6;1;7;Toileting;1323;3;441,0
252;6;1;13;Make coffee;1824;4;456,0
252;6;1;16;Make hot food;5001;2;2500,5
253;0;0;1;Eating;4685;2;2342,5
253;0;0;2;Change clothes;1518;3;506,0
253;0;0;4;Washing hand/face;2176;8;272,0
253;0;0;7;Toileting;1710;4;427,5
253;0;0;13;Make coffee;1223;3;407,6666666666667
253;0;0;16;Make hot food;1983;1;1983,0
254;1;0;1;Eating;4042;2;2021,0
254;1;0;2;Change clothes;833;2;416,5
254;1;0;4;Washing hand/face;2702;11;245,63636363636363
254;1;0;7;Toileting;2951;7;421,57142857142856
254;1;0;13;Make coffee;1994;4;498,5
254;1;0;16;Make hot food;2766;1;2766,0
255;2;0;1;Eating;8611;3;2870,3333333333335
255;2;0;2;Change clothes;833;2;416,5
255;2;0;4;Washing hand/face;2094;8;261,75
255;2;0;7;Toileting;2151;5;430,2
255;2;0;13;Make coffee;1407;3;469,0
255;2;0;16;Make hot food;5822;2;2911,0
256;3;0;1;Eating;7994;3;2664,6666666666665
256;3;0;2;Change clothes;1049;2;524,5
256;3;0;4;Washing hand/face;2234;8;279,25
256;3;0;7;Toileting;2590;5;518,0
256;3;0;13;Make coffee;2466;5;493,2
256;3;0;16;Make hot food;4809;2;2404,5
257;4;0;1;Eating;4673;2;2336,5
257;4;0;2;Change clothes;758;2;379,0
257;4;0;4;Washing hand/face;2529;10;252,9
257;4;0;7;Toileting;2398;6;399,6666666666667
257;4;0;13;Make coffee;570;1;570,0
257;4;0;16;Make hot food;4488;2;2244,0
258;5;1;1;Eating;3805;2;1902,5
258;5;1;2;Change clothes;1387;3;462,3333333333333
258;5;1;4;Washing hand/face;1619;6;269,8333333333333
258;5;1;7;Toileting;1006;3;335,3333333333333
258;5;1;13;Make coffee;645;2;322,5
258;5;1;16;Make hot food;2279;1;2279,0
259;6;1;1;Eating;8245;3;2748,3333333333335
259;6;1;2;Change clothes;1383;3;461,0
259;6;1;4;Washing hand/face;2136;8;267,0
259;6;1;7;Toileting;2395;5;479,0
259;6;1;13;Make coffee;1210;3;403,3333333333333
259;6;1;16;Make hot food;6530;2;3265,0
260;0;0;1;Eating;6875;3;2291,6666666666665
260;0;0;2;Change clothes;915;2;457,5
260;0;0;4;Washing hand/face;1892;7;270,2857142857143
260;0;0;7;Toileting;1804;4;451,0
260;0;0;13;Make coffee;1577;3;525,6666666666666
260;0;0;16;Make hot food;5333;2;2666,5
261;1;0;1;Eating;7408;3;2469,3333333333335
261;1;0;2;Change clothes;795;2;397,5
261;1;0;4;Washing hand/face;1315;5;263,0
261;1;0;7;Toileting;2639;5;527,8
261;1;0;13;Make coffee;1749;4;437,25
261;1;0;16;Make hot food;6798;2;3399,0
262;2;0;1;Eating;4171;2;2085,5
262;2;0;2;Change clothes;967;2;483,5
262;2;0;4;Washing hand/face;2242;8;280,25
262;2;0;7;Toileting;2471;6;411,8333333333333
262;2;0;13;Make coffee;594;1;594,0
262;2;0;16;Make hot food;6451;2;3225,5
263;3;0;1;Eating;7984;3;2661,3333333333335
263;3;0;2;Change clothes;1345;3;448,3333333333333
263;3;0;4;Washing hand/face;2047;7;292,42857142857144
263;3;0;7;Toileting;1884;4;471,0
263;3;0;13;Make coffee;885;2;442,5
263;3;0;16;Make hot food;5473;2;2736,5
264;4;0;1;Eating;4088;2;2044,0
264;4;0;2;Change clothes;1540;4;385,0
264;4;0;4;Washing hand/face;1219;4;304,75
264;4;0;7;Toileting;1922;4;480,5
264;4;0;13;Make coffee;512;1;512,0
264;4;0;16;Make hot food;1916;1;1916,0
265;5;1;1;Eating;4715;2;2357,5
265;5;1;2;Change clothes;1251;3;417,0
265;5;1;4;Washing hand/face;2800;11;254,54545454545453
265;5;1;7;Toileting;2902;7;414,57142857142856
265;5;1;13;Make coffee;1961;5;392,2
265;5;1;16;Make hot food;3133;1;3133,0
266;6;1;1;Eating;3801;2;1900,5
266;6;1;2;Change clothes;1363;3;454,3333333333333
266;6;1;4;Washing hand/face;1471;6;245,16666666666666
266;6;1;7;Toileting;1351;3;450,3333333333333
266;6;1;13;Make coffee;773;2;386,5
266;6;1;16;Make hot food;3207;1;3207,0
267;0;0;1;Eating;7978;3;2659,3333333333335
267;0;0;2;Change clothes;2003;4;500,75
267;0;0;4;Washing hand/face;2374;10;237,4
267;0;0;7;Toileting;2975;6;495,8333333333333
267;0;0;13;Make coffee;1735;4;433,75
267;0;0;16;Make hot food;5546;2;2773,0
268;1;0;1;Eating;8212;3;2737,3333333333335
268;1;0;2;Change clothes;723;2;361,5
268;1;0;4;Washing hand/face;2231;8;278,875
268;1;0;7;Toileting;2510;6;418,3333333333333
268;1;0;13;Make coffee;414;1;414,0
268;1;0;16;Make hot food;3483;1;3483,0
269;2;0;1;Eating;7391;3;2463,6666666666665
269;2;0;2;Change clothes;1489;3;496,3333333333333
269;2;0;4;Washing hand/face;2050;9;227,77777777777777
269;2;0;7;Toileting;1877;4;469,25
269;2;0;13;Make coffee;1216;3;405,3333333333333
269;2;0;16;Make hot food;5000;2;2500,0
270;3;0;1;Eating;7938;3;2646,0
270;3;0;2;Change clothes;916;2;458,0
270;3;0;4;Washing hand/face;1840;7;262,85714285714283
270;3;0;7;Toileting;2061;4;515,25
270;3;0;13;Make coffee;1996;4;499,0
270;3;0;16;Make hot food;5767;2;2883,5
271;4;0;1;Eating;3664;2;1832,0
271;4;0;2;Change clothes;1741;4;435,25
271;4;0;4;Washing hand/face;1530;5;306,0
271;4;0;7;Toileting;1782;4;445,5
271;4;0;13;Make coffee;899;2;449,5
271;4;0;16;Make hot food;2520;1;2520,0
272;5;1;1;Eating;7722;3;2574,0
272;5;1;2;Change clothes;861;2;430,5
272;5;1;4;Washing hand/face;2701;10;270,1
272;5;1;7;Toileting;2301;5;460,2
272;5;1;13;Make coffee;1816;4;454,0
272;5;1;16;Make hot food;2469;1;2469,0
273;6;1;1;Eating;8257;3;2752,3333333333335
273;6;1;2;Change clothes;1514;3;504,6666666666667
273;6;1;4;Washing hand/face;2275;9;252,77777777777777
273;6;1;7;Toileting;2169;5;433,8
273;6;1;13;Make coffee;1336;3;445,3333333333333
273;6;1;16;Make hot food;6292;2;3146,0
274;0;0;1;Eating;7237;3;2412,3333333333335
274;0;0;2;Change clothes;866;2;433,0
274;0;0;4;Washing hand/face;2931;11;266,45454545454544
274;0;0;7;Toileting;2599;6;433,1666666666667
274;0;0;13;Make coffee;883;2;441,5
274;0;0;16;Make hot food;5209;2;2604,5
275;1;0;1;Eating;4299;2;2149,5
275;1;0;2;Change clothes;1439;3;479,6666666666667
275;1;0;4;Washing hand/face;868;3;289,3333333333333
275;1;0;7;Toileting;1449;3;483,0
275;1;0;13;Make coffee;1130;2;565,0
275;1;0;16;Make hot food;2130;1;2130,0
276;2;0;1;Eating;8343;3;2781,0
276;2;0;2;Change clothes;1516;3;505,3333333333333
276;2;0;4;Washing hand/face;1350;5;270,0
276;2;0;7;Toileting;2514;6;419,0
276;2;0;13;Make coffee;642;2;321,0
276;2;0;16;Make hot food;4865;2;2432,5
277;3;0;1;Eating;8114;3;2704,6666666666665
277;3;0;2;Change clothes;859;2;429,5
277;3;0;4;Washing hand/face;2871;11;261,0
277;3;0;7;Toileting;3777;7;539,5714285714286
277;3;0;13;Make coffee;765;2;382,5
277;3;0;16;Make hot food;5318;2;2659,0
278;4;0;1;Eating;4239;2;2119,5
278;4;0;2;Change clothes;1594;4;398,5
278;4;0;4;Washing hand/face;1956;8;244,5
278;4;0;7;Toileting;3131;6;521,8333333333334
278;4;0;13;Make coffee;888;2;444,0
278;4;0;16;Make hot food;3500;1;3500,0
279;5;1;1;Eating;8693;3;2897,6666666666665
279;5;1;2;Change clothes;984;2;492,0
279;5;1;4;Washing hand/face;4102;14;293,0
279;5;1;7;Toileting;2605;6;434,1666666666667
279;5;1;13;Make coffee;1860;4;465,0
279;5;1;16;Make hot food;2065;1;2065,0
280;6;1;1;Eating;5216;2;2608,0
280;6;1;2;Change clothes;935;2;467,5
280;6;1;4;Washing hand/face;1884;7;269,14285714285717
280;6;1;7;Toileting;2045;4;511,25
280;6;1;13;Make coffee;449;1;449,0
280;6;1;16;Make hot food;2744;1;2744,0
281;0;0;1;Eating;8020;3;2673,3333333333335
281;0;0;2;Change clothes;1143;2;571,5
281;0;0;4;Washing hand/face;3060;11;278,1818181818182
281;0;0;7;Toileting;2531;6;421,8333333333333
281;0;0;13;Make coffee;1527;3;509,0
281;0;0;16;Make hot food;5924;2;2962,0
282;1;0;1;Eating;3642;2;1821,0
282;1;0;2;Change clothes;1334;3;444,6666666666667
282;1;0;4;Washing hand/face;2335;8;291,875
282;1;0;7;Toileting;1453;4;363,25
282;1;0;13;Make coffee;900;2;450,0
282;1;0;16;Make hot food;2705;1;2705,0
283;2;0;1;Eating;4602;2;2301,0
283;2;0;2;Change clothes;517;1;517,0
283;2;0;4;Washing hand/face;2678;10;267,8
283;2;0;7;Toileting;2933;7;419,0
283;2;0;13;Make coffee;1309;3;436,3333333333333
283;2;0;16;Make hot food;4210;2;2105,0
284;3;0;1;Eating;8102;3;2700,6666666666665
284;3;0;2;Change clothes;2416;5;483,2
284;3;0;4;Washing hand/face;1535;6;255,83333333333334
284;3;0;7;Toileting;389;1;389,0
284;3;0;13;Make coffee;1082;2;541,0
284;3;0;16;Make hot food;3095;1;3095,0
285;4;0;1;Eating;7217;3;2405,6666666666665
285;4;0;2;Change clothes;875;2;437,5
285;4;0;4;Washing hand/face;2598;9;288,6666666666667
285;4;0;7;Toileting;2575;5;515,0
285;4;0;13;Make coffee;1357;3;452,3333333333333
285;4;0;16;Make hot food;4609;2;2304,5
286;5;1;1;Eating;7789;3;2596,3333333333335
286;5;1;2;Change clothes;826;2;413,0
286;5;1;4;Washing hand/face;971;4;242,75
286;5;1;7;Toileting;1257;3;419,0
286;5;1;13;Make coffee;1543;4;385,75
286;5;1;16;Make hot food;6556;2;3278,0
287;6;1;1;Eating;6980;3;2326,6666666666665
287;6;1;2;Change clothes;1189;3;396,3333333333333
287;6;1;4;Washing hand/face;1928;7;275,42857142857144
287;6;1;7;Toileting;1523;3;507,6666666666667
287;6;1;13;Make coffee;943;2;471,5
287;6;1;16;Make hot food;4277;2;2138,5
288;0;0;1;Eating;3216;2;1608,0
288;0;0;2;Change clothes;1382;3;460,6666666666667
288;0;0;4;Washing hand/face;1865;7;266,42857142857144
288;0;0;7;Toileting;2048;4;512,0
288;0;0;13;Make coffee;1185;3;395,0
288;0;0;16;Make hot food;3542;1;3542,0
289;1;0;1;Eating;7101;3;2367,0
289;1;0;2;Change clothes;892;2;446,0
289;1;0;4;Washing hand/face;2064;8;258,0
289;1;0;7;Toileting;2381;5;476,2
289;1;0;13;Make coffee;850;2;425,0
289;1;0;16;Make hot food;6404;2;3202,0
290;2;0;1;Eating;3850;2;1925,0
290;2;0;2;Change clothes;749;2;374,5
290;2;0;4;Washing hand/face;2450;9;272,22222222222223
290;2;0;7;Toileting;2157;5;431,4
290;2;0;13;Make coffee;910;2;455,0
290;2;0;16;Make hot food;2961;1;2961,0
291;3;0;1;Eating;7104;3;2368,0
291;3;0;2;Change clothes;1751;4;437,75
291;3;0;4;Washing hand/face;1507;6;251,16666666666666
291;3;0;7;Toileting;1441;3;480,3333333333333
291;3;0;13;Make coffee;2371;5;474,2
291;3;0;16;Make hot food;5138;2;2569,0
292;4;0;1;Eating;7624;3;2541,3333333333335
292;4;0;2;Change clothes;984;2;492,0
292;4;0;4;Washing hand/face;1386;5;277,2
292;4;0;7;Toileting;2074;4;518,5
292;4;0;13;Make coffee;982;2;491,0
292;4;0;16;Make hot food;5733;2;2866,5
293;5;1;1;Eating;8109;3;2703,0
293;5;1;2;Change clothes;922;2;461,0
293;5;1;4;Washing hand/face;2817;10;281,7
293;5;1;7;Toileting;2199;5;439,8
293;5;1;13;Make coffee;1347;3;449,0
293;5;1;16;Make hot food;5331;2;2665,5
294;6;1;1;Eating;3864;2;1932,0
294;6;1;2;Change clothes;1176;3;392,0
294;6;1;4;Washing hand/face;1526;6;254,33333333333334
294;6;1;7;Toileting;1189;3;396,3333333333333
294;6;1;13;Make coffee;1355;3;451,6666666666667
294;6;1;16;Make hot food;3377;1;3377,0
295;0;0;1;Eating;3263;2;1631,5
295;0;0;2;Change clothes;851;2;425,5
295;0;0;4;Washing hand/face;2657;9;295,22222222222223
295;0;0;7;Toileting;3184;7;454,85714285714283
295;0;0;13;Make coffee;1987;4;496,75
295;0;0;16;Make hot food;2821;1;2821,0
296;1;0;1;Eating;7968;3;2656,0
296;1;0;2;Change clothes;1232;3;410,6666666666667
296;1;0;4;Washing hand/face;1877;7;268,14285714285717
296;1;0;7;Toileting;2743;6;457,1666666666667
296;1;0;13;Make coffee;1375;3;458,3333333333333
296;1;0;16;Make hot food;4802;2;2401,0
297;2;0;1;Eating;8508;3;2836,0
297;2;0;2;Change clothes;905;2;452,5
297;2;0;4;Washing hand/face;2325;8;290,625
297;2;0;7;Toileting;2024;4;506,0
297;2;0;13;Make coffee;1017;2;508,5
297;2;0;16;Make hot food;4038;2;2019,0
298;3;0;1;Eating;8207;3;2735,6666666666665
298;3;0;2;Change clothes;950;2;475,0
298;3;0;4;Washing hand/face;2803;11;254,8181818181818
298;3;0;7;Toileting;2624;6;437,3333333333333
298;3;0;13;Make coffee;455;1;455,0
298;3;0;16;Make hot food;5570;2;2785,0
299;4;0;1;Eating;3435;2;1717,5
299;4;0;2;Change clothes;1451;3;483,6666666666667
299;4;0;4;Washing hand/face;2299;9;255,44444444444446
299;4;0;7;Toileting;1891;4;472,75
299;4;0;13;Make coffee;838;2;419,0
299;4;0;16;Make hot food;4627;2;2313,5
300;5;1;1;Eating;8360;3;2786,6666666666665
300;5;1;2;Change clothes;1002;2;501,0
300;5;1;4;Washing hand/face;1107;4;276,75
300;5;1;7;Toileting;2642;5;528,4
300;5;1;13;Make coffee;576;1;576,0
300;5;1;16;Make hot food;6445;2;3222,5
301;6;1;1;Eating;3611;2;1805,5
301;6;1;2;Change clothes;834;2;417,0
301;6;1;4;Washing hand/face;2927;11;266,09090909090907
301;6;1;7;Toileting;3330;7;475,7142857142857
301;6;1;13;Make coffee;1564;3;521,3333333333334
301;6;1;16;Make hot food;2718;1;2718,0
302;0;0;1;Eating;3777;2;1888,5
302;0;0;2;Change clothes;1740;4;435,0
302;0;0;4;Washing hand/face;2169;8;271,125
302;0;0;7;Toileting;1405;3;468,3333333333333
302;0;0;13;Make coffee;919;2;459,5
302;0;0;16;Make hot food;4938;2;2469,0
303;1;0;1;Eating;8193;3;2731,0
303;1;0;2;Change clothes;1558;3;519,3333333333334
303;1;0;4;Washing hand/face;1857;7;265,2857142857143
303;1;0;7;Toileting;1549;3;516,3333333333334
303;1;0;13;Make coffee;1559;3;519,6666666666666
303;1;0;16;Make hot food;5031;2;2515,5
304;2;0;1;Eating;4699;2;2349,5
304;2;0;2;Change clothes;829;2;414,5
304;2;0;4;Washing hand/face;1333;5;266,6
304;2;0;7;Toileting;1824;4;456,0
304;2;0;13;Make coffee;1032;3;344,0
304;2;0;16;Make hot food;5551;2;2775,5
305;3;0;1;Eating;4215;2;2107,5
305;3;0;2;Change clothes;744;2;372,0
305;3;0;4;Washing hand/face;2440;8;305,0
305;3;0;7;Toileting;2348;5;469,6
305;3;0;13;Make coffee;915;2;457,5
305;3;0;16;Make hot food;3114;1;3114,0
306;4;0;1;Eating;3648;2;1824,0
306;4;0;2;Change clothes;776;2;388,0
306;4;0;4;Washing hand/face;2478;8;309,75
306;4;0;7;Toileting;2101;5;420,2
306;4;0;13;Make coffee;1325;3;441,6666666666667
306;4;0;16;Make hot food;2159;1;2159,0
307;5;1;1;Eating;8189;3;2729,6666666666665
307;5;1;2;Change clothes;805;2;402,5
307;5;1;4;Washing hand/face;2181;8;272,625
307;5;1;7;Toileting;2032;4;508,0
307;5;1;13;Make coffee;821;2;410,5
307;5;1;16;Make hot food;5099;2;2549,5
308;6;1;1;Eating;7747;3;2582,3333333333335
308;6;1;2;Change clothes;1137;2;568,5
308;6;1;4;Washing hand/face;1310;5;262,0
308;6;1;7;Toileting;1533;4;383,25
308;6;1;13;Make coffee;569;1;569,0
308;6;1;16;Make hot food;5583;2;2791,5
309;0;0;1;Eating;4242;2;2121,0
309;0;0;2;Change clothes;1547;4;386,75
309;0;0;4;Washing hand/face;1994;7;284,85714285714283
309;0;0;7;Toileting;913;2;456,5
309;0;0;13;Make coffee;1321;3;440,3333333333333
309;0;0;16;Make hot food;3537;1;3537,0
310;1;0;1;Eating;7629;3;2543,0
310;1;0;2;Change clothes;984;2;492,0
310;1;0;4;Washing hand/face;2170;8;271,25
310;1;0;7;Toileting;2683;6;447,1666666666667
310;1;0;13;Make coffee;2059;4;514,75
310;1;0;16;Make hot food;5704;2;2852,0
311;2;0;1;Eating;4557;2;2278,5
311;2;0;2;Change clothes;1233;3;411,0
311;2;0;4;Washing hand/face;2631;9;292,3333333333333
311;2;0;7;Toileting;2155;4;538,75
311;2;0;13;Make coffee;364;1;364,0
311;2;0;16;Make hot food;3480;1;3480,0
312;3;0;1;Eating;3343;2;1671,5
312;3;0;2;Change clothes;1540;3;513,3333333333334
312;3;0;4;Washing hand/face;2923;11;265,72727272727275
312;3;0;7;Toileting;1938;4;484,5
312;3;0;13;Make coffee;1456;3;485,3333333333333
312;3;0;16;Make hot food;2077;1;2077,0
313;4;0;1;Eating;7204;3;2401,3333333333335
313;4;0;2;Change clothes;963;2;481,5
313;4;0;4;Washing hand/face;2634;10;263,4
313;4;0;7;Toileting;824;2;412,0
313;4;0;13;Make coffee;2110;5;422,0
313;4;0;16;Make hot food;4269;2;2134,5
314;5;1;1;Eating;8489;3;2829,6666666666665
314;5;1;2;Change clothes;961;2;480,5
314;5;1;4;Washing hand/face;2010;8;251,25
314;5;1;7;Toileting;1202;3;400,6666666666667
314;5;1;13;Make coffee;1891;4;472,75
314;5;1;16;Make hot food;5512;2;2756,0
315;6;1;1;Eating;7181;3;2393,6666666666665
315;6;1;2;Change clothes;946;2;473,0
315;6;1;4;Washing hand/face;2331;9;259,0
315;6;1;7;Toileting;1833;4;458,25
315;6;1;13;Make coffee;761;2;380,5
315;6;1;16;Make hot food;5832;2;2916,0
316;0;0;1;Eating;6942;3;2314,0
316;0;0;2;Change clothes;1417;3;472,3333333333333
316;0;0;4;Washing hand/face;3322;13;255,53846153846155
316;0;0;7;Toileting;3983;9;442,55555555555554
316;0;0;13;Make coffee;1824;4;456,0
316;0;0;16;Make hot food;5533;2;2766,5
317;1;0;1;Eating;4644;2;2322,0
317;1;0;2;Change clothes;1461;3;487,0
317;1;0;4;Washing hand/face;2819;10;281,9
317;1;0;7;Toileting;2167;5;433,4
317;1;0;13;Make coffee;2298;5;459,6
317;1;0;16;Make hot food;2637;1;2637,0
318;2;0;1;Eating;8119;3;2706,3333333333335
318;2;0;2;Change clothes;419;1;419,0
318;2;0;4;Washing hand/face;1352;6;225,33333333333334
318;2;0;7;Toileting;2879;6;479,8333333333333
318;2;0;13;Make coffee;1311;3;437,0
318;2;0;16;Make hot food;6552;2;3276,0
319;3;0;1;Eating;3967;2;1983,5
319;3;0;2;Change clothes;1347;3;449,0
319;3;0;4;Washing hand/face;2301;8;287,625
319;3;0;7;Toileting;2302;5;460,4
319;3;0;13;Make coffee;1698;4;424,5
319;3;0;16;Make hot food;3449;1;3449,0
320;4;0;1;Eating;8454;3;2818,0
320;4;0;2;Change clothes;896;2;448,0
320;4;0;4;Washing hand/face;2791;10;279,1
320;4;0;7;Toileting;1438;3;479,3333333333333
320;4;0;13;Make coffee;1453;3;484,3333333333333
320;4;0;16;Make hot food;4993;2;2496,5
321;5;1;1;Eating;8053;3;2684,3333333333335
321;5;1;2;Change clothes;1619;3;539,6666666666666
321;5;1;4;Washing hand/face;2189;8;273,625
321;5;1;7;Toileting;3469;7;495,57142857142856
321;5;1;13;Make coffee;1817;4;454,25
321;5;1;16;Make hot food;4815;2;2407,5
322;6;1;1;Eating;8604;3;2868,0
322;6;1;2;Change clothes;1274;3;424,6666666666667
322;6;1;4;Washing hand/face;1856;7;265,14285714285717
322;6;1;7;Toileting;1399;3;466,3333333333333
322;6;1;13;Make coffee;944;2;472,0
322;6;1;16;Make hot food;4964;2;2482,0
323;0;0;1;Eating;7017;3;2339,0
323;0;0;2;Change clothes;843;2;421,5
323;0;0;4;Washing hand/face;1366;5;273,2
323;0;0;7;Toileting;1720;4;430,0
323;0;0;13;Make coffee;1246;3;415,3333333333333
323;0;0;16;Make hot food;4774;2;2387,0
324;1;0;1;Eating;4877;2;2438,5
324;1;0;2;Change clothes;862;2;431,0
324;1;0;4;Washing hand/face;2046;8;255,75
324;1;0;7;Toileting;1893;4;473,25
324;1;0;13;Make coffee;688;2;344,0
324;1;0;16;Make hot food;2299;1;2299,0
325;2;0;1;Eating;7983;3;2661,0
325;2;0;2;Change clothes;907;2;453,5
325;2;0;4;Washing hand/face;1615;6;269,1666666666667
325;2;0;7;Toileting;1314;3;438,0
325;2;0;13;Make coffee;2029;4;507,25
325;2;0;16;Make hot food;5065;2;2532,5
326;3;0;1;Eating;8703;3;2901,0
326;3;0;2;Change clothes;730;2;365,0
326;3;0;4;Washing hand/face;3164;11;287,6363636363636
326;3;0;7;Toileting;3183;6;530,5
326;3;0;13;Make coffee;1270;3;423,3333333333333
326;3;0;16;Make hot food;5217;2;2608,5
327;4;0;1;Eating;8125;3;2708,3333333333335
327;4;0;2;Change clothes;771;2;385,5
327;4;0;4;Washing hand/face;2811;10;281,1
327;4;0;7;Toileting;1677;4;419,25
327;4;0;13;Make coffee;1756;4;439,0
327;4;0;16;Make hot food;3819;2;1909,5
328;5;1;1;Eating;4446;2;2223,0
328;5;1;2;Change clothes;1006;2;503,0
328;5;1;4;Washing hand/face;2906;11;264,1818181818182
328;5;1;7;Toileting;2935;6;489,1666666666667
328;5;1;13;Make coffee;1766;4;441,5
328;5;1;16;Make hot food;6206;2;3103,0
329;6;1;1;Eating;4314;2;2157,0
329;6;1;2;Change clothes;1391;3;463,6666666666667
329;6;1;4;Washing hand/face;1971;8;246,375
329;6;1;7;Toileting;1495;3;498,3333333333333
329;6;1;13;Make coffee;885;2;442,5
329;6;1;16;Make hot food;1935;1;1935,0
330;0;0;1;Eating;3914;2;1957,0
330;0;0;2;Change clothes;1836;4;459,0
330;0;0;4;Washing hand/face;467;2;233,5
330;0;0;7;Toileting;389;1;389,0
330;0;0;13;Make coffee;330;1;330,0
330;0;0;16;Make hot food;2185;1;2185,0
331;1;0;1;Eating;4541;2;2270,5
331;1;0;2;Change clothes;962;2;481,0
331;1;0;4;Washing hand/face;2481;9;275,6666666666667
331;1;0;7;Toileting;1508;4;377,0
331;1;0;13;Make coffee;682;2;341,0
331;1;0;16;Make hot food;5921;2;2960,5
332;2;0;1;Eating;3903;2;1951,5
332;2;0;2;Change clothes;1035;2;517,5
332;2;0;4;Washing hand/face;2386;9;265,1111111111111
332;2;0;7;Toileting;1118;3;372,6666666666667
332;2;0;13;Make coffee;386;1;386,0
332;2;0;16;Make hot food;5813;2;2906,5
333;3;0;1;Eating;7436;3;2478,6666666666665
333;3;0;2;Change clothes;1161;3;387,0
333;3;0;4;Washing hand/face;3388;12;282,3333333333333
333;3;0;7;Toileting;2111;5;422,2
333;3;0;13;Make coffee;1373;3;457,6666666666667
333;3;0;16;Make hot food;2508;1;2508,0
334;4;0;1;Eating;4159;2;2079,5
334;4;0;2;Change clothes;1591;3;530,3333333333334
334;4;0;4;Washing hand/face;1616;6;269,3333333333333
334;4;0;7;Toileting;2520;5;504,0
334;4;0;13;Make coffee;1170;2;585,0
334;4;0;16;Make hot food;2296;1;2296,0
335;5;1;1;Eating;8140;3;2713,3333333333335
335;5;1;2;Change clothes;827;2;413,5
335;5;1;4;Washing hand/face;1952;7;278,85714285714283
335;5;1;7;Toileting;2537;5;507,4
335;5;1;13;Make coffee;1817;4;454,25
335;5;1;16;Make hot food;6313;2;3156,5
336;6;1;1;Eating;4456;2;2228,0
336;6;1;2;Change clothes;1338;3;446,0
336;6;1;4;Washing hand/face;2125;8;265,625
336;6;1;7;Toileting;2292;5;458,4
336;6;1;13;Make coffee;1471;3;490,3333333333333
336;6;1;16;Make hot food;2251;1;2251,0
337;0;0;1;Eating;8702;3;2900,6666666666665
337;0;0;2;Change clothes;963;2;481,5
337;0;0;4;Washing hand/face;2310;9;256,6666666666667
337;0;0;7;Toileting;2860;6;476,6666666666667
337;0;0;13;Make coffee;925;2;462,5
337;0;0;16;Make hot food;5926;2;2963,0
338;1;0;1;Eating;8781;3;2927,0
338;1;0;2;Change clothes;1037;2;518,5
338;1;0;4;Washing hand/face;2327;8;290,875
338;1;0;7;Toileting;2503;5;500,6
338;1;0;13;Make coffee;1362;3;454,0
338;1;0;16;Make hot food;6157;2;3078,5
339;2;0;1;Eating;7502;3;2500,6666666666665
339;2;0;2;Change clothes;997;2;498,5
339;2;0;4;Washing hand/face;2015;8;251,875
339;2;0;7;Toileting;1833;4;458,25
339;2;0;13;Make coffee;1029;2;514,5
339;2;0;16;Make hot food;4619;2;2309,5
340;3;0;1;Eating;7687;3;2562,3333333333335
340;3;0;2;Change clothes;1496;3;498,6666666666667
340;3;0;4;Washing hand/face;2973;10;297,3
340;3;0;7;Toileting;2450;6;408,3333333333333
340;3;0;13;Make coffee;965;2;482,5
340;3;0;16;Make hot food;4535;2;2267,5
341;4;0;1;Eating;3401;2;1700,5
341;4;0;2;Change clothes;1726;3;575,3333333333334
341;4;0;4;Washing hand/face;718;3;239,33333333333334
341;4;0;7;Toileting;913;2;456,5
341;4;0;13;Make coffee;568;1;568,0
341;4;0;16;Make hot food;3369;1;3369,0
342;5;1;1;Eating;8103;3;2701,0
342;5;1;2;Change clothes;1841;4;460,25
342;5;1;4;Washing hand/face;2175;8;271,875
342;5;1;7;Toileting;2530;5;506,0
342;5;1;13;Make coffee;1636;4;409,0
342;5;1;16;Make hot food;4468;2;2234,0
343;6;1;1;Eating;8015;3;2671,6666666666665
343;6;1;2;Change clothes;939;2;469,5
343;6;1;4;Washing hand/face;2909;11;264,45454545454544
343;6;1;7;Toileting;1895;4;473,75
343;6;1;13;Make coffee;1179;3;393,0
343;6;1;16;Make hot food;3771;2;1885,5
344;0;0;1;Eating;7179;3;2393,0
344;0;0;2;Change clothes;1075;3;358,3333333333333
344;0;0;4;Washing hand/face;2093;8;261,625
344;0;0;7;Toileting;1305;3;435,0
344;0;0;13;Make coffee;1351;3;450,3333333333333
344;0;0;16;Make hot food;5660;2;2830,0
345;1;0;1;Eating;4804;2;2402,0
345;1;0;2;Change clothes;1618;3;539,3333333333334
345;1;0;4;Washing hand/face;2529;10;252,9
345;1;0;7;Toileting;2293;5;458,6
345;1;0;13;Make coffee;773;2;386,5
345;1;0;16;Make hot food;2480;1;2480,0
346;2;0;1;Eating;8828;3;2942,6666666666665
346;2;0;2;Change clothes;993;2;496,5
346;2;0;4;Washing hand/face;2028;8;253,5
346;2;0;7;Toileting;2348;5;469,6
346;2;0;13;Make coffee;552;1;552,0
346;2;0;16;Make hot food;6373;2;3186,5
347;3;0;1;Eating;4884;2;2442,0
347;3;0;2;Change clothes;1414;3;471,3333333333333
347;3;0;4;Washing hand/face;1803;7;257,57142857142856
347;3;0;7;Toileting;1727;4;431,75
347;3;0;13;Make coffee;1629;3;543,0
347;3;0;16;Make hot food;1850;1;1850,0
348;4;0;1;Eating;8245;3;2748,3333333333335
348;4;0;2;Change clothes;1372;3;457,3333333333333
348;4;0;4;Washing hand/face;3134;11;284,90909090909093
348;4;0;7;Toileting;1798;4;449,5
348;4;0;13;Make coffee;1695;4;423,75
348;4;0;16;Make hot food;2441;1;2441,0
349;5;1;1;Eating;5012;2;2506,0
349;5;1;2;Change clothes;1203;3;401,0
349;5;1;4;Washing hand/face;2113;7;301,85714285714283
349;5;1;7;Toileting;1661;4;415,25
349;5;1;13;Make coffee;1177;3;392,3333333333333
349;5;1;16;Make hot food;2896;1;2896,0
350;6;1;1;Eating;4201;2;2100,5
350;6;1;2;Change clothes;1813;4;453,25
350;6;1;4;Washing hand/face;1659;6;276,5
350;6;1;7;Toileting;886;2;443,0
350;6;1;13;Make coffee;1269;3;423,0
350;6;1;16;Make hot food;2473;1;2473,0
351;0;0;1;Eating;8396;3;2798,6666666666665
351;0;0;2;Change clothes;994;2;497,0
351;0;0;4;Washing hand/face;2196;8;274,5
351;0;0;7;Toileting;1924;4;481,0
351;0;0;13;Make coffee;868;2;434,0
351;0;0;16;Make hot food;5295;2;2647,5
352;1;0;1;Eating;3876;2;1938,0
352;1;0;2;Change clothes;946;2;473,0
352;1;0;4;Washing hand/face;2028;8;253,5
352;1;0;7;Toileting;1650;4;412,5
352;1;0;13;Make coffee;1503;3;501,0
352;1;0;16;Make hot food;1875;1;1875,0
353;2;0;1;Eating;7096;3;2365,3333333333335
353;2;0;2;Change clothes;691;2;345,5
353;2;0;4;Washing hand/face;2371;9;263,44444444444446
353;2;0;7;Toileting;2235;5;447,0
353;2;0;13;Make coffee;1286;3;428,6666666666667
353;2;0;16;Make hot food;6129;2;3064,5
354;3;0;1;Eating;4331;2;2165,5
354;3;0;2;Change clothes;2026;4;506,5
354;3;0;4;Washing hand/face;2628;9;292,0
354;3;0;7;Toileting;1219;3;406,3333333333333
354;3;0;13;Make coffee;1305;3;435,0
354;3;0;16;Make hot food;2008;1;2008,0
355;4;0;1;Eating;8689;3;2896,3333333333335
355;4;0;2;Change clothes;1022;2;511,0
355;4;0;4;Washing hand/face;1863;7;266,14285714285717
355;4;0;7;Toileting;2215;5;443,0
355;4;0;13;Make coffee;2746;6;457,6666666666667
355;4;0;16;Make hot food;5437;2;2718,5
356;5;1;1;Eating;8569;3;2856,3333333333335
356;5;1;2;Change clothes;1471;3;490,3333333333333
356;5;1;4;Washing hand/face;2771;10;277,1
356;5;1;7;Toileting;1665;4;416,25
356;5;1;13;Make coffee;1241;3;413,6666666666667
356;5;1;16;Make hot food;6418;2;3209,0
357;6;1;1;Eating;4002;2;2001,0
357;6;1;2;Change clothes;1976;4;494,0
357;6;1;4;Washing hand/face;3132;12;261,0
357;6;1;7;Toileting;2453;5;490,6
357;6;1;13;Make coffee;741;2;370,5
357;6;1;16;Make hot food;2384;1;2384,0
358;0;0;1;Eating;3881;2;1940,5
358;0;0;2;Change clothes;1353;3;451,0
358;0;0;4;Washing hand/face;2526;9;280,6666666666667
358;0;0;7;Toileting;2230;6;371,6666666666667
358;0;0;13;Make coffee;1446;3;482,0
358;0;0;16;Make hot food;2614;1;2614,0
359;1;0;1;Eating;3930;2;1965,0
359;1;0;2;Change clothes;1308;3;436,0
359;1;0;4;Washing hand/face;2647;10;264,7
359;1;0;7;Toileting;2374;6;395,6666666666667
359;1;0;13;Make coffee;1507;3;502,3333333333333
359;1;0;16;Make hot food;2965;1;2965,0
360;2;0;1;Eating;7290;3;2430,0
360;2;0;2;Change clothes;940;2;470,0
360;2;0;4;Washing hand/face;2700;10;270,0
360;2;0;7;Toileting;1733;4;433,25
360;2;0;13;Make coffee;1433;3;477,6666666666667
360;2;0;16;Make hot food;5673;2;2836,5
361;3;0;1;Eating;8518;3;2839,3333333333335
361;3;0;2;Change clothes;1233;3;411,0
361;3;0;4;Washing hand/face;2129;9;236,55555555555554
361;3;0;7;Toileting;4016;8;502,0
361;3;0;13;Make coffee;783;2;391,5
361;3;0;16;Make hot food;6223;2;3111,5
362;4;0;1;Eating;4518;2;2259,0
362;4;0;2;Change clothes;1409;3;469,6666666666667
362;4;0;4;Washing hand/face;2255;8;281,875
362;4;0;7;Toileting;3117;7;445,2857142857143
362;4;0;13;Make coffee;1991;4;497,75
362;4;0;16;Make hot food;2925;1;2925,0
363;5;1;1;Eating;7905;3;2635,0
363;5;1;2;Change clothes;1291;3;430,3333333333333
363;5;1;4;Washing hand/face;735;3;245,0
363;5;1;7;Toileting;741;2;370,5
363;5;1;13;Make coffee;1241;3;413,6666666666667
363;5;1;16;Make hot food;5627;2;2813,5
364;6;1;1;Eating;7273;3;2424,3333333333335
364;6;1;2;Change clothes;1409;3;469,6666666666667
364;6;1;4;Washing hand/face;1295;5;259,0
364;6;1;7;Toileting;1070;3;356,6666666666667
364;6;1;13;Make coffee;1471;3;490,3333333333333
364;6;1;16;Make hot food;5317;2;2658,5
365;0;0;1;Eating;7091;3;2363,6666666666665
365;0;0;2;Change clothes;451;1;451,0
365;0;0;4;Washing hand/face;2322;9;258,0
365;0;0;7;Toileting;2568;6;428,0
365;0;0;13;Make coffee;1935;4;483,75
365;0;0;16;Make hot food;4906;2;2453,0
366;1;0;7;Toileting;449;1;449,0
